u,v,pen
0.03970,0.00183,0
0.03970,0.00183,1
0.03833,0.00036,1
0.03696,-0.00110,1
0.03499,-0.00148,1
0.03343,-0.00179,1
0.03540,-0.00141,1
0.03730,-0.00090,1
0.03877,0.00046,1
0.04004,0.00131,1
0.04024,-0.00069,1
0.04016,-0.00268,1
0.03989,-0.00466,1
0.03961,-0.00665,1
0.03933,-0.00863,1
0.03906,-0.01062,1
0.03878,-0.01260,1
0.03779,-0.01418,1
0.03751,-0.01483,1
0.03586,-0.01593,1
0.03386,-0.01612,1
0.03187,-0.01631,1
0.03004,-0.01555,1
0.02823,-0.01469,1
0.02737,-0.01316,1
0.02731,-0.01124,1
0.02905,-0.01025,1
0.03079,-0.00925,1
0.03253,-0.00826,1
0.03324,-0.00789,1
0.03156,-0.00898,1
0.02988,-0.01007,1
0.02810,-0.01092,1
0.02716,-0.01207,1
0.02734,-0.01407,1
0.02881,-0.01507,1
0.03070,-0.01574,1
0.03029,-0.01571,1
0.02835,-0.01520,1
0.02739,-0.01547,1
0.02834,-0.01724,1
0.02929,-0.01900,1
0.02905,-0.02090,1
0.02852,-0.02284,1
0.02799,-0.02477,1
0.02746,-0.02670,1
0.02784,-0.02530,1
0.02836,-0.02336,1
0.02889,-0.02143,1
0.02954,-0.01964,1
0.03153,-0.01940,1
0.03116,-0.01785,1
0.03140,-0.01633,1
0.03183,-0.01829,1
0.03180,-0.01870,1
0.03162,-0.01683,1
0.03321,-0.01608,1
0.03521,-0.01587,1
0.03657,-0.01696,1
0.03652,-0.01897,1
0.03646,-0.02097,1
0.03509,-0.02197,1
0.03500,-0.02398,1
0.03492,-0.02598,1
0.03484,-0.02798,1
0.03476,-0.02999,1
0.03468,-0.03199,1
0.03460,-0.03399,1
0.03452,-0.03600,1
0.03378,-0.03625,1
0.03239,-0.03480,1
0.03100,-0.03336,1
0.02962,-0.03191,1
0.02823,-0.03046,1
0.02742,-0.02880,1
0.02777,-0.02691,1
0.02923,-0.02554,1
0.03069,-0.02417,1
0.03215,-0.02279,1
0.03278,-0.02120,1
0.03238,-0.02147,1
0.03137,-0.02299,1
0.02995,-0.02441,1
0.02853,-0.02582,1
0.02808,-0.02628,1
0.02951,-0.02488,1
0.03095,-0.02348,1
0.03238,-0.02208,1
0.03240,-0.02100,1
0.03226,-0.02259,1
0.03081,-0.02398,1
0.02937,-0.02537,1
0.02792,-0.02676,1
0.02743,-0.02858,1
0.02660,-0.03026,1
0.02551,-0.03190,1
0.02471,-0.03374,1
0.02392,-0.03558,1
0.02312,-0.03742,1
0.02233,-0.03926,1
0.02153,-0.04110,1
0.02074,-0.04294,1
0.01994,-0.04478,1
0.01915,-0.04662,1
0.01835,-0.04846,1
0.01756,-0.05030,1
0.01676,-0.05214,1
0.01566,-0.05381,1
0.01451,-0.05545,1
0.01335,-0.05709,1
0.01359,-0.05678,1
0.01477,-0.05516,1
0.01595,-0.05354,1
0.01695,-0.05181,1
0.01777,-0.04998,1
0.01859,-0.04815,1
0.01941,-0.04632,1
0.02100,-0.04606,1
0.02036,-0.04541,1
0.02127,-0.04613,1
0.01991,-0.04511,1
0.02069,-0.04327,1
0.02147,-0.04142,1
0.02226,-0.03958,1
0.02304,-0.03773,1
0.02382,-0.03589,1
0.02461,-0.03404,1
0.02539,-0.03219,1
0.02638,-0.03048,1
0.02777,-0.03011,1
0.02911,-0.03160,1
0.03046,-0.03308,1
0.03181,-0.03457,1
0.03315,-0.03605,1
0.03439,-0.03722,1
0.03449,-0.03522,1
0.03460,-0.03321,1
0.03470,-0.03121,1
0.03480,-0.02921,1
0.03491,-0.02721,1
0.03501,-0.02521,1
0.03512,-0.02320,1
0.03529,-0.02167,1
0.03592,-0.02357,1
0.03655,-0.02547,1
0.03719,-0.02737,1
0.03782,-0.02927,1
0.03846,-0.03118,1
0.03909,-0.03308,1
0.03972,-0.03498,1
0.04036,-0.03688,1
0.03986,-0.03540,1
0.03923,-0.03349,1
0.03860,-0.03159,1
0.03796,-0.02969,1
0.03733,-0.02779,1
0.03669,-0.02589,1
0.03606,-0.02398,1
0.03543,-0.02208,1
0.03658,-0.02104,1
0.03670,-0.01904,1
0.03653,-0.01708,1
0.03672,-0.01543,1
0.03840,-0.01434,1
0.03862,-0.01606,1
0.03869,-0.01807,1
0.03884,-0.02006,1
0.03940,-0.02198,1
0.03995,-0.02391,1
0.04128,-0.02529,1
0.04292,-0.02645,1
0.04443,-0.02768,1
0.04482,-0.02965,1
0.04483,-0.03153,1
0.04362,-0.03313,1
0.04242,-0.03473,1
0.04121,-0.03633,1
0.04128,-0.03626,1
0.04251,-0.03468,1
0.04374,-0.03309,1
0.04498,-0.03151,1
0.04466,-0.02955,1
0.04430,-0.02758,1
0.04298,-0.02629,1
0.04124,-0.02530,1
0.04004,-0.02387,1
0.03944,-0.02196,1
0.03884,-0.02004,1
0.03870,-0.01805,1
0.03863,-0.01605,1
0.03856,-0.01404,1
0.03879,-0.01206,1
0.03908,-0.01007,1
0.03937,-0.00809,1
0.03966,-0.00610,1
0.03994,-0.00412,1
0.04023,-0.00214,1
0.04011,-0.00015,1
0.03980,0.00183,1
0.03980,0.00183,0
0.06620,0.05775,0
0.06620,0.05775,1
0.06463,0.05649,1
0.06306,0.05523,1
0.06149,0.05398,1
0.05992,0.05272,1
0.05836,0.05146,1
0.05679,0.05020,1
0.05522,0.04895,1
0.05365,0.04769,1
0.05199,0.04659,1
0.05045,0.04617,1
0.05137,0.04795,1
0.05101,0.04935,1
0.04924,0.04849,1
0.04760,0.04733,1
0.04596,0.04618,1
0.04446,0.04483,1
0.04301,0.04345,1
0.04155,0.04206,1
0.04247,0.04072,1
0.04398,0.03939,1
0.04549,0.03807,1
0.04700,0.03674,1
0.04850,0.03541,1
0.05029,0.03518,1
0.05224,0.03564,1
0.05313,0.03710,1
0.05454,0.03807,1
0.05643,0.03877,1
0.05823,0.03958,1
0.05819,0.04085,1
0.05624,0.04036,1
0.05762,0.04133,1
0.05931,0.04243,1
0.06085,0.04367,1
0.06190,0.04534,1
0.06063,0.04557,1
0.06192,0.04549,1
0.06083,0.04381,1
0.05933,0.04252,1
0.05764,0.04143,1
0.05622,0.04046,1
0.05819,0.04089,1
0.05803,0.03970,1
0.05638,0.03856,1
0.05453,0.03786,1
0.05257,0.03743,1
0.05238,0.03733,1
0.05139,0.03688,1
0.05311,0.03682,1
0.05184,0.03569,1
0.04996,0.03504,1
0.04832,0.03572,1
0.04695,0.03718,1
0.04549,0.03856,1
0.04387,0.03975,1
0.04226,0.04094,1
0.04182,0.04221,1
0.04328,0.04360,1
0.04473,0.04499,1
0.04624,0.04630,1
0.04789,0.04745,1
0.04954,0.04860,1
0.05131,0.04936,1
0.05124,0.04765,1
0.05027,0.04589,1
0.05135,0.04612,1
0.05307,0.04714,1
0.05464,0.04840,1
0.05621,0.04966,1
0.05778,0.05091,1
0.05935,0.05217,1
0.06091,0.05343,1
0.06248,0.05469,1
0.06405,0.05594,1
0.06562,0.05720,1
0.06707,0.05720,1
0.06651,0.05527,1
0.06595,0.05334,1
0.06511,0.05153,1
0.06414,0.04977,1
0.06297,0.04815,1
0.06155,0.04673,1
0.06103,0.04615,1
0.06255,0.04747,1
0.06371,0.04909,1
0.06474,0.05081,1
0.06568,0.05258,1
0.06624,0.05451,1
0.06681,0.05644,1
0.06630,0.05775,1
0.06630,0.05775,0
0.03490,-0.03187,0
0.03490,-0.03187,1
0.03481,-0.03387,1
0.03602,-0.03547,1
0.03650,-0.03716,1
0.03552,-0.03890,1
0.03434,-0.04052,1
0.03317,-0.04214,1
0.03199,-0.04376,1
0.03081,-0.04539,1
0.02964,-0.04701,1
0.02846,-0.04863,1
0.02728,-0.05026,1
0.02610,-0.05152,1
0.02486,-0.04994,1
0.02362,-0.04837,1
0.02238,-0.04679,1
0.02045,-0.04654,1
0.01931,-0.04714,1
0.01851,-0.04897,1
0.01867,-0.05094,1
0.01896,-0.05292,1
0.01925,-0.05491,1
0.01954,-0.05689,1
0.01950,-0.05662,1
0.01921,-0.05463,1
0.01892,-0.05265,1
0.01863,-0.05067,1
0.01864,-0.04873,1
0.01954,-0.04694,1
0.02110,-0.04654,1
0.02277,-0.04742,1
0.02402,-0.04899,1
0.02526,-0.05057,1
0.02650,-0.05145,1
0.02769,-0.04985,1
0.02889,-0.04824,1
0.03009,-0.04663,1
0.03129,-0.04502,1
0.03248,-0.04342,1
0.03368,-0.04181,1
0.03472,-0.04009,1
0.03573,-0.03836,1
0.03674,-0.03663,1
0.03715,-0.03846,1
0.03754,-0.04043,1
0.03793,-0.04239,1
0.03832,-0.04436,1
0.03840,-0.04475,1
0.03802,-0.04278,1
0.03765,-0.04081,1
0.03727,-0.03884,1
0.03689,-0.03687,1
0.03781,-0.03716,1
0.03931,-0.03849,1
0.04081,-0.03981,1
0.04232,-0.04114,1
0.04382,-0.04247,1
0.04519,-0.04391,1
0.04638,-0.04552,1
0.04757,-0.04714,1
0.04876,-0.04875,1
0.04954,-0.04695,1
0.05031,-0.04510,1
0.05108,-0.04325,1
0.05244,-0.04345,1
0.05249,-0.04545,1
0.05249,-0.04745,1
0.05190,-0.04937,1
0.05126,-0.05126,1
0.05013,-0.05292,1
0.04901,-0.05458,1
0.04758,-0.05598,1
0.04614,-0.05737,1
0.04673,-0.05665,1
0.04806,-0.05516,1
0.04940,-0.05367,1
0.05074,-0.05217,1
0.05147,-0.05035,1
0.05201,-0.04842,1
0.05254,-0.04649,1
0.05263,-0.04784,1
0.05222,-0.04976,1
0.05151,-0.05164,1
0.05028,-0.05322,1
0.04904,-0.05479,1
0.04779,-0.05636,1
0.04854,-0.05551,1
0.04984,-0.05398,1
0.05111,-0.05243,1
0.05189,-0.05059,1
0.05257,-0.04872,1
0.05279,-0.04672,1
0.05411,-0.04538,1
0.05576,-0.04424,1
0.05740,-0.04309,1
0.05891,-0.04180,1
0.06006,-0.04020,1
0.06049,-0.03830,1
0.05896,-0.03750,1
0.05861,-0.03948,1
0.05827,-0.04145,1
0.05738,-0.04308,1
0.05573,-0.04421,1
0.05407,-0.04533,1
0.05278,-0.04565,1
0.05253,-0.04366,1
0.05126,-0.04292,1
0.05047,-0.04471,1
0.04974,-0.04658,1
0.04901,-0.04845,1
0.04789,-0.04745,1
0.04670,-0.04584,1
0.04551,-0.04422,1
0.04423,-0.04269,1
0.04276,-0.04133,1
0.04129,-0.03996,1
0.03982,-0.03860,1
0.03835,-0.03723,1
0.03750,-0.03573,1
0.03824,-0.03386,1
0.03824,-0.03358,1
0.03728,-0.03534,1
0.03618,-0.03550,1
0.03494,-0.03393,1
0.03490,-0.03198,1
0.03490,-0.03198,0
0.05149,-0.00548,0
0.05149,-0.00548,1
0.05070,-0.00733,1
0.04991,-0.00919,1
0.04912,-0.01104,1
0.04778,-0.01128,1
0.04602,-0.01030,1
0.04413,-0.00969,1
0.04214,-0.00938,1
0.04269,-0.01054,1
0.04466,-0.01097,1
0.04634,-0.01206,1
0.04800,-0.01320,1
0.04720,-0.01488,1
0.04615,-0.01660,1
0.04511,-0.01833,1
0.04407,-0.02005,1
0.04302,-0.02178,1
0.04232,-0.02090,1
0.04176,-0.01896,1
0.04120,-0.01703,1
0.04064,-0.01509,1
0.03949,-0.01465,1
0.03953,-0.01666,1
0.03956,-0.01868,1
0.03974,-0.02065,1
0.04073,-0.02241,1
0.04182,-0.02409,1
0.04350,-0.02479,1
0.04308,-0.02305,1
0.04417,-0.02135,1
0.04526,-0.01966,1
0.04635,-0.01796,1
0.04744,-0.01627,1
0.04854,-0.01458,1
0.04977,-0.01445,1
0.05115,-0.01592,1
0.05253,-0.01738,1
0.05386,-0.01881,1
0.05247,-0.01735,1
0.05107,-0.01590,1
0.04968,-0.01445,1
0.04844,-0.01457,1
0.04734,-0.01626,1
0.04625,-0.01796,1
0.04516,-0.01965,1
0.04407,-0.02134,1
0.04298,-0.02304,1
0.04336,-0.02472,1
0.04197,-0.02380,1
0.04062,-0.02230,1
0.03977,-0.02052,1
0.03940,-0.01856,1
0.03944,-0.01655,1
0.03949,-0.01453,1
0.04070,-0.01529,1
0.04126,-0.01723,1
0.04182,-0.01917,1
0.04238,-0.02110,1
0.04225,-0.02232,1
0.04188,-0.02357,1
0.04259,-0.02219,1
0.04389,-0.02065,1
0.04499,-0.01897,1
0.04600,-0.01722,1
0.04700,-0.01548,1
0.04801,-0.01373,1
0.04700,-0.01243,1
0.04535,-0.01127,1
0.04344,-0.01070,1
0.04196,-0.00976,1
0.04357,-0.00965,1
0.04552,-0.01003,1
0.04727,-0.01103,1
0.04894,-0.01179,1
0.04973,-0.00994,1
0.05052,-0.00808,1
0.05131,-0.00623,1
0.05188,-0.00686,1
0.05143,-0.00874,1
0.05060,-0.01058,1
0.04977,-0.01241,1
0.05074,-0.01393,1
0.05215,-0.01537,1
0.05355,-0.01682,1
0.05412,-0.01857,1
0.05409,-0.01729,1
0.05270,-0.01584,1
0.05129,-0.01440,1
0.04989,-0.01296,1
0.05029,-0.01121,1
0.05113,-0.00937,1
0.05197,-0.00754,1
0.05159,-0.00558,1
0.05159,-0.00558,0
0.01049,0.00882,0
0.01049,0.00882,1
0.01120,0.00693,1
0.01149,0.00514,1
0.01258,0.00344,1
0.01368,0.00191,1
0.01398,0.00228,1
0.01379,0.00319,1
0.01453,0.00289,1
0.01610,0.00275,1
0.01442,0.00163,1
0.01446,-0.00002,1
0.01522,-0.00190,1
0.01598,-0.00377,1
0.01720,-0.00536,1
0.01838,-0.00695,1
0.01881,-0.00893,1
0.01924,-0.01090,1
0.01967,-0.01287,1
0.01925,-0.01299,1
0.01803,-0.01137,1
0.01682,-0.00975,1
0.01561,-0.00814,1
0.01430,-0.00669,1
0.01346,-0.00745,1
0.01454,-0.00915,1
0.01556,-0.01075,1
0.01448,-0.00904,1
0.01339,-0.00734,1
0.01447,-0.00676,1
0.01569,-0.00837,1
0.01690,-0.00999,1
0.01812,-0.01160,1
0.01934,-0.01321,1
0.01964,-0.01283,1
0.01922,-0.01085,1
0.01881,-0.00887,1
0.01839,-0.00690,1
0.01723,-0.00529,1
0.01600,-0.00371,1
0.01524,-0.00184,1
0.01448,0.00003,1
0.01435,0.00174,1
0.01537,0.00191,1
0.01542,0.00290,1
0.01603,0.00339,1
0.01758,0.00469,1
0.01944,0.00539,1
0.01813,0.00511,1
0.01656,0.00388,1
0.01494,0.00375,1
0.01311,0.00288,1
0.01196,0.00452,1
0.01113,0.00622,1
0.01057,0.00800,1
0.01127,0.00746,1
0.01275,0.00672,1
0.01338,0.00715,1
0.01181,0.00710,1
0.01059,0.00871,1
0.01059,0.00871,0
0.00788,-0.01069,0
0.00788,-0.01069,1
0.00592,-0.01123,1
0.00720,-0.01088,1
0.00921,-0.01080,1
0.01049,-0.01165,1
0.01042,-0.01362,1
0.00839,-0.01362,1
0.00658,-0.01285,1
0.00484,-0.01207,1
0.00489,-0.01344,1
0.00676,-0.01409,1
0.00877,-0.01439,1
0.01061,-0.01485,1
0.01079,-0.01687,1
0.01097,-0.01890,1
0.01178,-0.02074,1
0.01272,-0.02254,1
0.01360,-0.02435,1
0.01337,-0.02636,1
0.01314,-0.02838,1
0.01291,-0.03040,1
0.01223,-0.03222,1
0.01093,-0.03378,1
0.01073,-0.03572,1
0.01155,-0.03758,1
0.01236,-0.03891,1
0.01182,-0.03819,1
0.01098,-0.03635,1
0.01073,-0.03434,1
0.01185,-0.03274,1
0.01285,-0.03106,1
0.01308,-0.02904,1
0.01330,-0.02703,1
0.01353,-0.02501,1
0.01303,-0.02313,1
0.01209,-0.02133,1
0.01115,-0.01952,1
0.01085,-0.01754,1
0.01067,-0.01551,1
0.00953,-0.01442,1
0.00752,-0.01416,1
0.00553,-0.01382,1
0.00465,-0.01252,1
0.00619,-0.01264,1
0.00794,-0.01362,1
0.00997,-0.01362,1
0.01076,-0.01221,1
0.00999,-0.01098,1
0.00798,-0.01069,1
0.00798,-0.01069,0
-0.00099,0.05524,0
-0.00099,0.05524,1
-0.00165,0.05335,1
-0.00124,0.05143,1
-0.00071,0.04950,1
-0.00053,0.04757,1
-0.00041,0.04568,1
0.00043,0.04386,1
0.00127,0.04204,1
0.00154,0.04146,1
0.00070,0.04328,1
-0.00014,0.04509,1
-0.00067,0.04694,1
-0.00054,0.04888,1
-0.00107,0.05081,1
-0.00161,0.05274,1
-0.00114,0.05461,1
-0.00011,0.05418,1
0.00108,0.05256,1
0.00226,0.05095,1
0.00344,0.04933,1
0.00462,0.04772,1
0.00570,0.04648,1
0.00608,0.04830,1
0.00759,0.04799,1
0.00886,0.04644,1
0.01004,0.04484,1
0.01088,0.04303,1
0.01159,0.04345,1
0.01220,0.04536,1
0.01323,0.04401,1
0.01401,0.04219,1
0.01453,0.04026,1
0.01594,0.04014,1
0.01451,0.03874,1
0.01309,0.03734,1
0.01166,0.03594,1
0.01023,0.03453,1
0.01049,0.03480,1
0.01190,0.03621,1
0.01332,0.03763,1
0.01473,0.03904,1
0.01615,0.04046,1
0.01784,0.04147,1
0.01967,0.04227,1
0.02163,0.04223,1
0.02009,0.04228,1
0.01826,0.04160,1
0.01651,0.04064,1
0.01476,0.03971,1
0.01404,0.04158,1
0.01333,0.04345,1
0.01262,0.04532,1
0.01159,0.04415,1
0.01125,0.04243,1
0.01022,0.04414,1
0.00919,0.04586,1
0.00816,0.04757,1
0.00655,0.04863,1
0.00593,0.04717,1
0.00511,0.04736,1
0.00398,0.04901,1
0.00284,0.05066,1
0.00171,0.05231,1
0.00058,0.05396,1
-0.00089,0.05524,1
-0.00089,0.05524,0
0.00923,-0.00809,0
0.00923,-0.00809,1
0.00982,-0.00943,1
0.01131,-0.01073,1
0.01258,-0.01230,1
0.01352,-0.01407,1
0.01435,-0.01590,1
0.01543,-0.01748,1
0.01726,-0.01834,1
0.01899,-0.01934,1
0.02061,-0.02054,1
0.02222,-0.02174,1
0.02223,-0.02334,1
0.02113,-0.02484,1
0.01930,-0.02538,1
0.01834,-0.02715,1
0.01765,-0.02882,1
0.01949,-0.02965,1
0.01846,-0.03127,1
0.01731,-0.03293,1
0.01617,-0.03458,1
0.01502,-0.03624,1
0.01388,-0.03790,1
0.01289,-0.03873,1
0.01299,-0.03909,1
0.01417,-0.03746,1
0.01535,-0.03582,1
0.01652,-0.03419,1
0.01770,-0.03256,1
0.01888,-0.03092,1
0.01907,-0.02931,1
0.01762,-0.02840,1
0.01866,-0.02667,1
0.01972,-0.02498,1
0.02162,-0.02471,1
0.02244,-0.02287,1
0.02184,-0.02147,1
0.02013,-0.02040,1
0.01843,-0.01933,1
0.01672,-0.01826,1
0.01501,-0.01719,1
0.01416,-0.01537,1
0.01333,-0.01354,1
0.01229,-0.01183,1
0.01103,-0.01026,1
0.00941,-0.00909,1
0.00978,-0.00814,1
0.01149,-0.00910,1
0.01296,-0.01043,1
0.01388,-0.01222,1
0.01479,-0.01401,1
0.01549,-0.01538,1
0.01463,-0.01357,1
0.01376,-0.01175,1
0.01266,-0.01009,1
0.01127,-0.00866,1
0.00934,-0.00809,1
0.00934,-0.00809,0
-0.00005,0.00412,0
-0.00005,0.00412,1
-0.00157,0.00282,1
-0.00310,0.00152,1
-0.00462,0.00022,1
-0.00614,-0.00108,1
-0.00538,-0.00044,1
-0.00386,0.00086,1
-0.00233,0.00216,1
-0.00081,0.00346,1
0.00029,0.00297,1
-0.00057,0.00140,1
-0.00190,-0.00010,1
-0.00323,-0.00159,1
-0.00457,-0.00308,1
-0.00590,-0.00458,1
-0.00723,-0.00607,1
-0.00856,-0.00756,1
-0.00990,-0.00906,1
-0.01164,-0.01004,1
-0.01345,-0.01026,1
-0.01517,-0.01127,1
-0.01690,-0.01227,1
-0.01863,-0.01328,1
-0.02036,-0.01429,1
-0.02209,-0.01530,1
-0.02382,-0.01631,1
-0.02564,-0.01713,1
-0.02747,-0.01794,1
-0.02930,-0.01876,1
-0.03113,-0.01957,1
-0.03296,-0.02038,1
-0.03479,-0.02119,1
-0.03662,-0.02201,1
-0.03845,-0.02282,1
-0.04028,-0.02363,1
-0.04210,-0.02445,1
-0.04393,-0.02526,1
-0.04575,-0.02610,1
-0.04751,-0.02706,1
-0.04926,-0.02802,1
-0.05102,-0.02898,1
-0.05278,-0.02994,1
-0.05453,-0.03089,1
-0.05629,-0.03185,1
-0.05805,-0.03281,1
-0.05833,-0.03270,1
-0.05687,-0.03133,1
-0.05541,-0.02996,1
-0.05395,-0.02859,1
-0.05235,-0.02739,1
-0.05073,-0.02622,1
-0.04911,-0.02504,1
-0.04749,-0.02387,1
-0.04652,-0.02296,1
-0.04837,-0.02366,1
-0.05014,-0.02459,1
-0.05192,-0.02552,1
-0.05369,-0.02645,1
-0.05546,-0.02738,1
-0.05724,-0.02831,1
-0.05897,-0.02931,1
-0.06066,-0.03037,1
-0.06236,-0.03143,1
-0.06406,-0.03250,1
-0.06575,-0.03356,1
-0.06745,-0.03462,1
-0.06915,-0.03568,1
-0.07085,-0.03674,1
-0.07254,-0.03781,1
-0.07424,-0.03887,1
-0.07593,-0.03994,1
-0.07731,-0.04138,1
-0.07870,-0.04283,1
-0.08008,-0.04427,1
-0.08147,-0.04572,1
-0.08285,-0.04716,1
-0.08424,-0.04861,1
-0.08561,-0.05007,1
-0.08682,-0.05166,1
-0.08803,-0.05325,1
-0.08924,-0.05485,1
-0.09045,-0.05644,1
-0.09122,-0.05746,1
-0.09000,-0.05587,1
-0.08878,-0.05429,1
-0.08756,-0.05270,1
-0.08634,-0.05112,1
-0.08507,-0.04958,1
-0.08368,-0.04813,1
-0.08230,-0.04669,1
-0.08091,-0.04524,1
-0.07953,-0.04380,1
-0.07814,-0.04235,1
-0.07675,-0.04091,1
-0.07527,-0.03958,1
-0.07358,-0.03852,1
-0.07188,-0.03746,1
-0.07018,-0.03639,1
-0.06849,-0.03533,1
-0.06679,-0.03427,1
-0.06509,-0.03321,1
-0.06340,-0.03215,1
-0.06170,-0.03109,1
-0.06000,-0.03002,1
-0.05831,-0.02896,1
-0.05655,-0.02801,1
-0.05477,-0.02708,1
-0.05300,-0.02615,1
-0.05123,-0.02522,1
-0.04945,-0.02430,1
-0.04768,-0.02337,1
-0.04718,-0.02328,1
-0.04874,-0.02453,1
-0.05030,-0.02578,1
-0.05186,-0.02704,1
-0.05342,-0.02829,1
-0.05498,-0.02954,1
-0.05654,-0.03080,1
-0.05810,-0.03205,1
-0.05888,-0.03316,1
-0.05711,-0.03237,1
-0.05535,-0.03142,1
-0.05359,-0.03046,1
-0.05183,-0.02951,1
-0.05007,-0.02855,1
-0.04831,-0.02760,1
-0.04655,-0.02664,1
-0.04479,-0.02569,1
-0.04299,-0.02482,1
-0.04116,-0.02400,1
-0.03934,-0.02319,1
-0.03751,-0.02238,1
-0.03568,-0.02157,1
-0.03385,-0.02075,1
-0.03202,-0.01994,1
-0.03019,-0.01913,1
-0.02836,-0.01831,1
-0.02653,-0.01750,1
-0.02470,-0.01669,1
-0.02287,-0.01588,1
-0.02108,-0.01500,1
-0.01937,-0.01395,1
-0.01766,-0.01291,1
-0.01596,-0.01186,1
-0.01425,-0.01082,1
-0.01249,-0.01047,1
-0.01072,-0.00957,1
-0.00917,-0.00836,1
-0.00783,-0.00687,1
-0.00649,-0.00538,1
-0.00515,-0.00389,1
-0.00382,-0.00240,1
-0.00248,-0.00091,1
-0.00114,0.00058,1
0.00020,0.00207,1
-0.00005,0.00402,1
-0.00005,0.00402,0
0.02791,0.01779,0
0.02791,0.01779,1
0.02794,0.01576,1
0.02798,0.01374,1
0.02801,0.01171,1
0.02681,0.01202,1
0.02641,0.01401,1
0.02601,0.01600,1
0.02590,0.01590,1
0.02604,0.01388,1
0.02619,0.01186,1
0.02504,0.01069,1
0.02338,0.01088,1
0.02217,0.01244,1
0.02218,0.01096,1
0.02149,0.01287,1
0.02082,0.01475,1
0.02151,0.01285,1
0.02221,0.01095,1
0.02214,0.01200,1
0.02293,0.01117,1
0.02445,0.01048,1
0.02592,0.01132,1
0.02588,0.01334,1
0.02585,0.01537,1
0.02593,0.01653,1
0.02645,0.01457,1
0.02697,0.01261,1
0.02765,0.01127,1
0.02822,0.01313,1
0.02837,0.01514,1
0.02810,0.01715,1
0.02813,0.01641,1
0.02831,0.01439,1
0.02848,0.01237,1
0.02991,0.01191,1
0.03068,0.01361,1
0.03083,0.01418,1
0.03026,0.01224,1
0.02880,0.01176,1
0.02854,0.01377,1
0.02828,0.01578,1
0.02801,0.01779,1
0.02801,0.01779,0
0.04784,0.01737,0
0.04784,0.01737,1
0.04826,0.01539,1
0.04868,0.01342,1
0.04981,0.01197,1
0.05159,0.01102,1
0.05352,0.01046,1
0.05548,0.00996,1
0.05689,0.00891,1
0.05740,0.00695,1
0.05790,0.00500,1
0.05840,0.00304,1
0.05900,0.00111,1
0.05973,-0.00077,1
0.06046,-0.00266,1
0.06119,-0.00454,1
0.06192,-0.00643,1
0.06273,-0.00827,1
0.06375,-0.01002,1
0.06477,-0.01177,1
0.06579,-0.01351,1
0.06681,-0.01526,1
0.06801,-0.01688,1
0.06922,-0.01850,1
0.07043,-0.02012,1
0.07164,-0.02174,1
0.07310,-0.02314,1
0.07457,-0.02453,1
0.07604,-0.02591,1
0.07761,-0.02717,1
0.07929,-0.02830,1
0.08097,-0.02942,1
0.08265,-0.03055,1
0.08433,-0.03168,1
0.08601,-0.03280,1
0.08777,-0.03361,1
0.08979,-0.03347,1
0.09181,-0.03334,1
0.09381,-0.03359,1
0.09582,-0.03385,1
0.09383,-0.03359,1
0.09183,-0.03334,1
0.08982,-0.03353,1
0.08781,-0.03373,1
0.08609,-0.03275,1
0.08441,-0.03163,1
0.08272,-0.03051,1
0.08104,-0.02939,1
0.07936,-0.02827,1
0.07768,-0.02715,1
0.07611,-0.02588,1
0.07464,-0.02449,1
0.07317,-0.02311,1
0.07170,-0.02172,1
0.07050,-0.02009,1
0.06929,-0.01847,1
0.06809,-0.01685,1
0.06688,-0.01523,1
0.06584,-0.01350,1
0.06484,-0.01174,1
0.06384,-0.00998,1
0.06284,-0.00822,1
0.06184,-0.00647,1
0.06113,-0.00458,1
0.06042,-0.00268,1
0.05971,-0.00079,1
0.05900,0.00110,1
0.05840,0.00303,1
0.05788,0.00498,1
0.05737,0.00694,1
0.05685,0.00889,1
0.05559,0.01002,1
0.05359,0.01034,1
0.05178,0.01122,1
0.05000,0.01217,1
0.04842,0.01327,1
0.04813,0.01527,1
0.04784,0.01727,1
0.04784,0.01727,0
0.01768,0.03865,0
0.01768,0.03865,1
0.01628,0.03719,1
0.01495,0.03568,1
0.01405,0.03386,1
0.01316,0.03204,1
0.01229,0.03021,1
0.01161,0.02829,1
0.01093,0.02638,1
0.01025,0.02447,1
0.00957,0.02256,1
0.00916,0.02058,1
0.00877,0.01859,1
0.00853,0.01795,1
0.00860,0.01998,1
0.00867,0.02200,1
0.00874,0.02403,1
0.00881,0.02606,1
0.00836,0.02445,1
0.00786,0.02249,1
0.00735,0.02052,1
0.00685,0.01856,1
0.00635,0.01659,1
0.00585,0.01463,1
0.00534,0.01266,1
0.00570,0.01403,1
0.00620,0.01599,1
0.00671,0.01796,1
0.00722,0.01992,1
0.00772,0.02189,1
0.00823,0.02385,1
0.00873,0.02581,1
0.00876,0.02444,1
0.00869,0.02241,1
0.00862,0.02038,1
0.00855,0.01836,1
0.00866,0.01777,1
0.00908,0.01975,1
0.00951,0.02173,1
0.00994,0.02372,1
0.01068,0.02560,1
0.01145,0.02748,1
0.01222,0.02935,1
0.01299,0.03123,1
0.01376,0.03311,1
0.01458,0.03496,1
0.01585,0.03654,1
0.01711,0.03812,1
0.01897,0.03825,1
0.01953,0.03730,1
0.01766,0.03652,1
0.01607,0.03539,1
0.01488,0.03374,1
0.01370,0.03210,1
0.01319,0.03014,1
0.01273,0.02817,1
0.01252,0.02616,1
0.01245,0.02413,1
0.01238,0.02211,1
0.01242,0.02322,1
0.01249,0.02525,1
0.01256,0.02727,1
0.01298,0.02925,1
0.01344,0.03123,1
0.01437,0.03299,1
0.01558,0.03462,1
0.01686,0.03616,1
0.01864,0.03713,1
0.01972,0.03804,1
0.01779,0.03865,1
0.01779,0.03865,0
0.01236,-0.03949,0
0.01236,-0.03949,1
0.01108,-0.04106,1
0.01104,-0.04113,1
0.01252,-0.03974,1
0.01151,-0.04098,1
0.01004,-0.04111,1
0.00990,-0.04251,1
0.00929,-0.04331,1
0.01077,-0.04191,1
0.00989,-0.04295,1
0.00846,-0.04425,1
0.00645,-0.04398,1
0.00497,-0.04535,1
0.00350,-0.04676,1
0.00203,-0.04816,1
0.00038,-0.04934,1
-0.00128,-0.05051,1
-0.00289,-0.05173,1
-0.00429,-0.05320,1
-0.00570,-0.05467,1
-0.00678,-0.05581,1
-0.00536,-0.05436,1
-0.00394,-0.05290,1
-0.00251,-0.05146,1
-0.00085,-0.05029,1
0.00081,-0.04912,1
0.00242,-0.04789,1
0.00389,-0.04649,1
0.00536,-0.04509,1
0.00694,-0.04403,1
0.00852,-0.04443,1
0.00689,-0.04563,1
0.00736,-0.04580,1
0.00864,-0.04423,1
0.00991,-0.04265,1
0.01119,-0.04107,1
0.01247,-0.03949,1
0.01247,-0.03949,0
-0.09729,0.00537,0
-0.09729,0.00537,1
-0.09528,0.00524,1
-0.09327,0.00511,1
-0.09126,0.00498,1
-0.08925,0.00484,1
-0.08726,0.00461,1
-0.08530,0.00413,1
-0.08335,0.00364,1
-0.08140,0.00316,1
-0.07944,0.00267,1
-0.07749,0.00219,1
-0.07554,0.00170,1
-0.07358,0.00122,1
-0.07237,-0.00029,1
-0.07077,-0.00151,1
-0.06917,-0.00273,1
-0.06757,-0.00396,1
-0.06597,-0.00518,1
-0.06436,-0.00638,1
-0.06267,-0.00748,1
-0.06098,-0.00857,1
-0.05929,-0.00966,1
-0.05760,-0.01076,1
-0.05591,-0.01185,1
-0.05421,-0.01293,1
-0.05239,-0.01378,1
-0.05056,-0.01463,1
-0.04874,-0.01549,1
-0.04691,-0.01634,1
-0.04499,-0.01689,1
-0.04302,-0.01727,1
-0.04104,-0.01766,1
-0.03907,-0.01793,1
-0.03715,-0.01733,1
-0.03523,-0.01673,1
-0.03330,-0.01613,1
-0.03138,-0.01553,1
-0.02946,-0.01493,1
-0.02754,-0.01433,1
-0.02562,-0.01373,1
-0.02544,-0.01368,1
-0.02737,-0.01428,1
-0.02929,-0.01488,1
-0.03121,-0.01548,1
-0.03313,-0.01608,1
-0.03505,-0.01668,1
-0.03697,-0.01728,1
-0.03890,-0.01788,1
-0.04087,-0.01776,1
-0.04287,-0.01747,1
-0.04482,-0.01705,1
-0.04669,-0.01629,1
-0.04855,-0.01554,1
-0.05042,-0.01478,1
-0.05223,-0.01392,1
-0.05398,-0.01292,1
-0.05573,-0.01193,1
-0.05748,-0.01093,1
-0.05912,-0.00976,1
-0.06075,-0.00858,1
-0.06238,-0.00740,1
-0.06401,-0.00622,1
-0.06564,-0.00504,1
-0.06728,-0.00386,1
-0.06891,-0.00268,1
-0.07054,-0.00150,1
-0.07217,-0.00032,1
-0.07270,0.00094,1
-0.07072,0.00058,1
-0.06874,0.00022,1
-0.06676,-0.00015,1
-0.06478,-0.00051,1
-0.06304,-0.00148,1
-0.06136,-0.00259,1
-0.05968,-0.00369,1
-0.05800,-0.00480,1
-0.05628,-0.00584,1
-0.05447,-0.00673,1
-0.05266,-0.00761,1
-0.05333,-0.00717,1
-0.05507,-0.00616,1
-0.05681,-0.00515,1
-0.05855,-0.00414,1
-0.06029,-0.00313,1
-0.06203,-0.00212,1
-0.06377,-0.00111,1
-0.06558,-0.00029,1
-0.06757,0.00000,1
-0.06956,0.00029,1
-0.07156,0.00058,1
-0.07350,0.00110,1
-0.07545,0.00162,1
-0.07739,0.00214,1
-0.07934,0.00266,1
-0.08128,0.00317,1
-0.08323,0.00369,1
-0.08517,0.00421,1
-0.08715,0.00453,1
-0.08916,0.00470,1
-0.09117,0.00487,1
-0.09317,0.00504,1
-0.09518,0.00520,1
-0.09718,0.00537,1
-0.09718,0.00537,0
0.02999,0.04116,0
0.02999,0.04116,1
0.03183,0.04029,1
0.03367,0.03943,1
0.03546,0.03850,1
0.03685,0.03702,1
0.03515,0.03688,1
0.03312,0.03688,1
0.03151,0.03571,1
0.03008,0.03635,1
0.02870,0.03785,1
0.02697,0.03889,1
0.02518,0.03978,1
0.02351,0.03879,1
0.02376,0.03783,1
0.02575,0.03742,1
0.02749,0.03639,1
0.02923,0.03534,1
0.02759,0.03639,1
0.02582,0.03733,1
0.02385,0.03785,1
0.02348,0.03877,1
0.02519,0.03966,1
0.02699,0.03888,1
0.02867,0.03777,1
0.03005,0.03628,1
0.03147,0.03560,1
0.03301,0.03689,1
0.03504,0.03704,1
0.03706,0.03719,1
0.03548,0.03839,1
0.03385,0.03960,1
0.03197,0.04038,1
0.03010,0.04116,1
0.03010,0.04116,0
0.05503,-0.02071,0
0.05503,-0.02071,1
0.05480,-0.02270,1
0.05388,-0.02441,1
0.05267,-0.02600,1
0.05232,-0.02788,1
0.05232,-0.02988,1
0.05232,-0.02936,1
0.05232,-0.02736,1
0.05306,-0.02561,1
0.05429,-0.02404,1
0.05483,-0.02217,1
0.05561,-0.02106,1
0.05745,-0.02185,1
0.05893,-0.02299,1
0.05966,-0.02485,1
0.05995,-0.02678,1
0.05976,-0.02877,1
0.05958,-0.03076,1
0.05939,-0.03275,1
0.05920,-0.03475,1
0.05901,-0.03674,1
0.06064,-0.03775,1
0.06053,-0.03948,1
0.05998,-0.04140,1
0.05942,-0.04332,1
0.05886,-0.04524,1
0.05801,-0.04697,1
0.05647,-0.04825,1
0.05703,-0.04783,1
0.05852,-0.04654,1
0.05907,-0.04461,1
0.05962,-0.04269,1
0.06017,-0.04077,1
0.06072,-0.03884,1
0.06008,-0.03740,1
0.05909,-0.03603,1
0.05934,-0.03404,1
0.05958,-0.03205,1
0.05983,-0.03007,1
0.06002,-0.02808,1
0.05989,-0.02609,1
0.05975,-0.02409,1
0.05866,-0.02246,1
0.05700,-0.02145,1
0.05514,-0.02071,1
0.05514,-0.02071,0
0.03730,0.01288,0
0.03730,0.01288,1
0.03622,0.01116,1
0.03515,0.00943,1
0.03336,0.00882,1
0.03134,0.00855,1
0.02933,0.00828,1
0.02932,0.00783,1
0.03132,0.00824,1
0.03229,0.00796,1
0.03365,0.00894,1
0.03557,0.00853,1
0.03724,0.00851,1
0.03823,0.00980,1
0.03626,0.00927,1
0.03718,0.00946,1
0.03793,0.00924,1
0.03644,0.00809,1
0.03476,0.00898,1
0.03643,0.01005,1
0.03844,0.01038,1
0.03643,0.01013,1
0.03659,0.01146,1
0.03772,0.01252,1
0.03740,0.01278,1
0.03740,0.01278,0
0.03093,0.02207,0
0.03093,0.02207,1
0.03093,0.02004,1
0.03093,0.01802,1
0.03093,0.01599,1
0.03095,0.01660,1
0.03099,0.01863,1
0.03102,0.02065,1
0.03150,0.02118,1
0.03265,0.01951,1
0.03380,0.01785,1
0.03513,0.01635,1
0.03674,0.01513,1
0.03835,0.01390,1
0.03886,0.01213,1
0.03725,0.01208,1
0.03684,0.01130,1
0.03813,0.01197,1
0.03876,0.01032,1
0.03867,0.00831,1
0.03810,0.00637,1
0.03720,0.00457,1
0.03618,0.00282,1
0.03475,0.00144,1
0.03376,0.00070,1
0.03542,0.00185,1
0.03661,0.00345,1
0.03764,0.00520,1
0.03832,0.00709,1
0.03877,0.00905,1
0.03881,0.01107,1
0.03885,0.01310,1
0.03760,0.01451,1
0.03600,0.01576,1
0.03443,0.01703,1
0.03330,0.01871,1
0.03217,0.02039,1
0.03104,0.02207,1
0.03104,0.02207,0
0.00172,0.04064,0
0.00172,0.04064,1
0.00181,0.03867,1
0.00319,0.03721,1
0.00458,0.03576,1
0.00591,0.03428,1
0.00628,0.03233,1
0.00714,0.03082,1
0.00622,0.02903,1
0.00531,0.02725,1
0.00439,0.02546,1
0.00348,0.02367,1
0.00220,0.02252,1
0.00020,0.02264,1
-0.00181,0.02275,1
-0.00381,0.02287,1
-0.00581,0.02298,1
-0.00517,0.02191,1
-0.00325,0.02133,1
-0.00133,0.02075,1
-0.00300,0.02123,1
-0.00492,0.02179,1
-0.00596,0.02304,1
-0.00404,0.02318,1
-0.00204,0.02298,1
-0.00004,0.02278,1
0.00195,0.02258,1
0.00344,0.02335,1
0.00438,0.02512,1
0.00532,0.02689,1
0.00627,0.02866,1
0.00721,0.03043,1
0.00772,0.03161,1
0.00635,0.03248,1
0.00590,0.03444,1
0.00446,0.03583,1
0.00300,0.03720,1
0.00188,0.03884,1
0.00183,0.04064,1
0.00183,0.04064,0
0.03970,0.00110,0
0.03970,0.00110,1
0.03907,-0.00083,1
0.03845,-0.00275,1
0.03711,-0.00421,1
0.03562,-0.00558,1
0.03409,-0.00691,1
0.03238,-0.00798,1
0.03067,-0.00906,1
0.02896,-0.01014,1
0.02719,-0.01050,1
0.02532,-0.00972,1
0.02346,-0.00894,1
0.02159,-0.00816,1
0.02018,-0.00681,1
0.01903,-0.00517,1
0.01870,-0.00514,1
0.01998,-0.00666,1
0.02055,-0.00860,1
0.02113,-0.01054,1
0.02171,-0.01247,1
0.02254,-0.01419,1
0.02440,-0.01497,1
0.02626,-0.01576,1
0.02561,-0.01546,1
0.02377,-0.01464,1
0.02208,-0.01367,1
0.02141,-0.01176,1
0.02074,-0.00985,1
0.02008,-0.00794,1
0.02155,-0.00839,1
0.02339,-0.00923,1
0.02523,-0.01006,1
0.02707,-0.01090,1
0.02896,-0.01025,1
0.03066,-0.00915,1
0.03236,-0.00805,1
0.03406,-0.00696,1
0.03564,-0.00572,1
0.03712,-0.00433,1
0.03845,-0.00286,1
0.03907,-0.00093,1
0.03970,0.00099,1
0.03970,0.00099,0
0.04512,0.02613,0
0.04512,0.02613,1
0.04631,0.02444,1
0.04677,0.02247,1
0.04772,0.02082,1
0.04891,0.02114,1
0.04962,0.02309,1
0.05049,0.02468,1
0.05045,0.02363,1
0.05114,0.02233,1
0.05286,0.02118,1
0.05134,0.02226,1
0.05067,0.02335,1
0.05049,0.02470,1
0.04961,0.02316,1
0.04899,0.02119,1
0.04786,0.02081,1
0.04677,0.02239,1
0.04643,0.02442,1
0.04512,0.02603,1
0.04512,0.02603,0
0.07454,0.03709,0
0.07454,0.03709,1
0.07277,0.03616,1
0.07100,0.03522,1
0.06923,0.03429,1
0.06746,0.03336,1
0.06569,0.03242,1
0.06392,0.03149,1
0.06210,0.03068,1
0.06022,0.02999,1
0.05834,0.02930,1
0.05647,0.02861,1
0.05459,0.02791,1
0.05295,0.02782,1
0.05187,0.02941,1
0.05013,0.03040,1
0.04951,0.02881,1
0.04936,0.02812,1
0.04990,0.03004,1
0.05129,0.02969,1
0.05269,0.02836,1
0.05393,0.02757,1
0.05580,0.02827,1
0.05768,0.02898,1
0.05955,0.02968,1
0.06142,0.03038,1
0.06329,0.03110,1
0.06506,0.03204,1
0.06682,0.03298,1
0.06859,0.03392,1
0.07036,0.03486,1
0.07212,0.03580,1
0.07389,0.03674,1
0.07482,0.03597,1
0.07361,0.03437,1
0.07228,0.03289,1
0.07081,0.03153,1
0.06923,0.03032,1
0.06748,0.02935,1
0.06665,0.02891,1
0.06837,0.02993,1
0.07009,0.03096,1
0.07165,0.03217,1
0.07299,0.03366,1
0.07432,0.03515,1
0.07465,0.03698,1
0.07465,0.03698,0
0.03114,0.00558,0
0.03114,0.00558,1
0.02962,0.00421,1
0.02789,0.00401,1
0.02606,0.00443,1
0.02517,0.00407,1
0.02621,0.00409,1
0.02544,0.00358,1
0.02718,0.00399,1
0.02909,0.00331,1
0.03064,0.00465,1
0.03052,0.00455,1
0.02895,0.00333,1
0.02705,0.00409,1
0.02779,0.00394,1
0.02959,0.00415,1
0.03114,0.00548,1
0.03114,0.00548,0
0.01487,0.01372,0
0.01487,0.01372,1
0.01557,0.01183,1
0.01628,0.00995,1
0.01623,0.00918,1
0.01473,0.01053,1
0.01292,0.00977,1
0.01357,0.00790,1
0.01293,0.00952,1
0.01456,0.01048,1
0.01594,0.00901,1
0.01722,0.00876,1
0.01587,0.01023,1
0.01531,0.01216,1
0.01503,0.01336,1
0.01586,0.01152,1
0.01695,0.00986,1
0.01851,0.00897,1
0.02044,0.00953,1
0.02217,0.01004,1
0.02024,0.00946,1
0.01831,0.00888,1
0.01683,0.01008,1
0.01580,0.01178,1
0.01497,0.01362,1
0.01497,0.01362,0
-0.07423,0.01560,0
-0.07423,0.01560,1
-0.07269,0.01431,1
-0.07116,0.01303,1
-0.06962,0.01174,1
-0.06809,0.01045,1
-0.06655,0.00917,1
-0.06502,0.00788,1
-0.06348,0.00659,1
-0.06194,0.00531,1
-0.06041,0.00402,1
-0.05887,0.00274,1
-0.05734,0.00145,1
-0.05580,0.00016,1
-0.05427,-0.00112,1
-0.05269,-0.00235,1
-0.05097,-0.00338,1
-0.04925,-0.00440,1
-0.04753,-0.00542,1
-0.04580,-0.00643,1
-0.04390,-0.00708,1
-0.04200,-0.00772,1
-0.04011,-0.00836,1
-0.03816,-0.00879,1
-0.03617,-0.00896,1
-0.03417,-0.00912,1
-0.03218,-0.00929,1
-0.03018,-0.00941,1
-0.02820,-0.00910,1
-0.02622,-0.00879,1
-0.02424,-0.00848,1
-0.02226,-0.00817,1
-0.02032,-0.00772,1
-0.01844,-0.00703,1
-0.01657,-0.00633,1
-0.01473,-0.00553,1
-0.01298,-0.00457,1
-0.01123,-0.00360,1
-0.00947,-0.00263,1
-0.00800,-0.00137,1
-0.00698,0.00035,1
-0.00689,0.00054,1
-0.00795,-0.00116,1
-0.00935,-0.00250,1
-0.01110,-0.00347,1
-0.01286,-0.00444,1
-0.01461,-0.00541,1
-0.01642,-0.00625,1
-0.01830,-0.00695,1
-0.02017,-0.00766,1
-0.02210,-0.00815,1
-0.02408,-0.00846,1
-0.02606,-0.00877,1
-0.02804,-0.00907,1
-0.03002,-0.00938,1
-0.03201,-0.00931,1
-0.03401,-0.00914,1
-0.03600,-0.00897,1
-0.03800,-0.00880,1
-0.03995,-0.00841,1
-0.04185,-0.00777,1
-0.04375,-0.00713,1
-0.04563,-0.00647,1
-0.04736,-0.00545,1
-0.04908,-0.00443,1
-0.05081,-0.00341,1
-0.05253,-0.00239,1
-0.05411,-0.00117,1
-0.05565,0.00011,1
-0.05719,0.00140,1
-0.05873,0.00268,1
-0.06027,0.00396,1
-0.06181,0.00524,1
-0.06335,0.00652,1
-0.06489,0.00780,1
-0.06643,0.00908,1
-0.06797,0.01037,1
-0.06951,0.01165,1
-0.07105,0.01293,1
-0.07259,0.01421,1
-0.07413,0.01549,1
-0.07413,0.01549,0
0.06609,0.02843,0
0.06609,0.02843,1
0.06575,0.02694,1
0.06371,0.02646,1
0.06282,0.02566,1
0.06160,0.02456,1
0.05953,0.02430,1
0.05746,0.02405,1
0.05784,0.02246,1
0.05592,0.02273,1
0.05492,0.02299,1
0.05695,0.02249,1
0.05822,0.02338,1
0.05875,0.02419,1
0.06082,0.02445,1
0.06267,0.02492,1
0.06367,0.02638,1
0.06562,0.02712,1
0.06620,0.02843,1
0.06620,0.02843,0
0.02540,0.03657,0
0.02540,0.03657,1
0.02653,0.03484,1
0.02577,0.03379,1
0.02381,0.03317,1
0.02184,0.03255,1
0.01998,0.03169,1
0.01819,0.03067,1
0.01645,0.02959,1
0.01519,0.02802,1
0.01470,0.02602,1
0.01468,0.02595,1
0.01517,0.02796,1
0.01646,0.02948,1
0.01815,0.03064,1
0.01995,0.03163,1
0.02180,0.03253,1
0.02377,0.03312,1
0.02575,0.03370,1
0.02657,0.03474,1
0.02554,0.03652,1
0.02693,0.03515,1
0.02824,0.03518,1
0.02819,0.03524,1
0.02700,0.03514,1
0.02551,0.03657,1
0.02551,0.03657,0
-0.05222,-0.02467,0
-0.05222,-0.02467,1
-0.05409,-0.02542,1
-0.05596,-0.02618,1
-0.05783,-0.02693,1
-0.05970,-0.02768,1
-0.06157,-0.02843,1
-0.06344,-0.02918,1
-0.06531,-0.02993,1
-0.06718,-0.03068,1
-0.06908,-0.03133,1
-0.07100,-0.03196,1
-0.07291,-0.03259,1
-0.07483,-0.03322,1
-0.07674,-0.03385,1
-0.07866,-0.03448,1
-0.08057,-0.03511,1
-0.08248,-0.03574,1
-0.08435,-0.03649,1
-0.08620,-0.03731,1
-0.08804,-0.03812,1
-0.08988,-0.03893,1
-0.09173,-0.03974,1
-0.09046,-0.03857,1
-0.08894,-0.03724,1
-0.08743,-0.03591,1
-0.08591,-0.03458,1
-0.08410,-0.03369,1
-0.08230,-0.03280,1
-0.08049,-0.03191,1
-0.07868,-0.03102,1
-0.07681,-0.03030,1
-0.07488,-0.02972,1
-0.07295,-0.02914,1
-0.07102,-0.02856,1
-0.06907,-0.02805,1
-0.06708,-0.02774,1
-0.06509,-0.02744,1
-0.06366,-0.02723,1
-0.06565,-0.02759,1
-0.06763,-0.02795,1
-0.06961,-0.02830,1
-0.07160,-0.02866,1
-0.07352,-0.02926,1
-0.07542,-0.02993,1
-0.07732,-0.03059,1
-0.07922,-0.03126,1
-0.08107,-0.03205,1
-0.08282,-0.03304,1
-0.08457,-0.03404,1
-0.08632,-0.03503,1
-0.08808,-0.03603,1
-0.08960,-0.03735,1
-0.09112,-0.03867,1
-0.09162,-0.03974,1
-0.08978,-0.03893,1
-0.08794,-0.03811,1
-0.08609,-0.03730,1
-0.08425,-0.03648,1
-0.08239,-0.03571,1
-0.08048,-0.03507,1
-0.07857,-0.03443,1
-0.07666,-0.03379,1
-0.07475,-0.03316,1
-0.07283,-0.03252,1
-0.07092,-0.03188,1
-0.06901,-0.03125,1
-0.06710,-0.03061,1
-0.06519,-0.02997,1
-0.06332,-0.02921,1
-0.06145,-0.02845,1
-0.05958,-0.02770,1
-0.05772,-0.02694,1
-0.05585,-0.02619,1
-0.05398,-0.02543,1
-0.05211,-0.02467,1
-0.05211,-0.02467,0
-0.09593,-0.00882,0
-0.09593,-0.00882,1
-0.09794,-0.00902,1
-0.09996,-0.00923,1
-0.09802,-0.00916,1
-0.09600,-0.00908,1
-0.09398,-0.00900,1
-0.09196,-0.00893,1
-0.09007,-0.00959,1
-0.08819,-0.01034,1
-0.08631,-0.01108,1
-0.08450,-0.01199,1
-0.08274,-0.01297,1
-0.08097,-0.01396,1
-0.07920,-0.01494,1
-0.07744,-0.01593,1
-0.07576,-0.01706,1
-0.07408,-0.01818,1
-0.07240,-0.01931,1
-0.07072,-0.02043,1
-0.06903,-0.02156,1
-0.06735,-0.02268,1
-0.06555,-0.02359,1
-0.06372,-0.02445,1
-0.06189,-0.02531,1
-0.06006,-0.02617,1
-0.05822,-0.02672,1
-0.05633,-0.02599,1
-0.05445,-0.02526,1
-0.05256,-0.02452,1
-0.05068,-0.02379,1
-0.04879,-0.02306,1
-0.04691,-0.02232,1
-0.04502,-0.02159,1
-0.04314,-0.02086,1
-0.04125,-0.02012,1
-0.03937,-0.01939,1
-0.03748,-0.01865,1
-0.03921,-0.01932,1
-0.04109,-0.02006,1
-0.04297,-0.02079,1
-0.04486,-0.02153,1
-0.04674,-0.02226,1
-0.04863,-0.02299,1
-0.05051,-0.02373,1
-0.05240,-0.02446,1
-0.05428,-0.02519,1
-0.05617,-0.02593,1
-0.05805,-0.02666,1
-0.05990,-0.02624,1
-0.06172,-0.02537,1
-0.06355,-0.02450,1
-0.06538,-0.02364,1
-0.06718,-0.02273,1
-0.06886,-0.02160,1
-0.07054,-0.02048,1
-0.07222,-0.01935,1
-0.07390,-0.01823,1
-0.07558,-0.01710,1
-0.07726,-0.01597,1
-0.07903,-0.01498,1
-0.08079,-0.01399,1
-0.08256,-0.01301,1
-0.08432,-0.01202,1
-0.08613,-0.01113,1
-0.08802,-0.01039,1
-0.08990,-0.00965,1
-0.09178,-0.00892,1
-0.09380,-0.00887,1
-0.09583,-0.00882,1
-0.09583,-0.00882,0
-0.00193,-0.03657,0
-0.00193,-0.03657,1
-0.00096,-0.03776,1
0.00103,-0.03824,1
0.00302,-0.03872,1
0.00464,-0.03987,1
0.00612,-0.04129,1
0.00504,-0.04245,1
0.00332,-0.04356,1
0.00159,-0.04466,1
-0.00013,-0.04576,1
-0.00179,-0.04695,1
-0.00337,-0.04825,1
-0.00496,-0.04955,1
-0.00654,-0.05085,1
-0.00812,-0.05215,1
-0.00970,-0.05345,1
-0.01128,-0.05475,1
-0.01286,-0.05606,1
-0.01444,-0.05736,1
-0.01329,-0.05642,1
-0.01171,-0.05513,1
-0.01012,-0.05383,1
-0.00854,-0.05254,1
-0.00695,-0.05124,1
-0.00537,-0.04995,1
-0.00378,-0.04865,1
-0.00220,-0.04736,1
-0.00058,-0.04611,1
0.00116,-0.04502,1
0.00289,-0.04394,1
0.00462,-0.04285,1
0.00628,-0.04175,1
0.00491,-0.04022,1
0.00348,-0.03881,1
0.00149,-0.03833,1
-0.00050,-0.03785,1
-0.00187,-0.03693,1
-0.00019,-0.03693,1
0.00017,-0.03701,1
-0.00183,-0.03657,1
-0.00183,-0.03657,0
-0.00652,-0.00391,0
-0.00652,-0.00391,1
-0.00841,-0.00469,1
-0.01031,-0.00547,1
-0.01220,-0.00625,1
-0.01409,-0.00702,1
-0.01599,-0.00780,1
-0.01788,-0.00858,1
-0.01977,-0.00936,1
-0.01969,-0.01078,1
-0.01780,-0.01046,1
-0.01672,-0.00990,1
-0.01864,-0.01060,1
-0.02037,-0.01041,1
-0.01905,-0.00912,1
-0.01716,-0.00833,1
-0.01527,-0.00755,1
-0.01338,-0.00676,1
-0.01149,-0.00598,1
-0.00960,-0.00519,1
-0.00771,-0.00441,1
-0.00639,-0.00460,1
-0.00799,-0.00587,1
-0.00959,-0.00715,1
-0.01061,-0.00796,1
-0.00900,-0.00671,1
-0.00738,-0.00545,1
-0.00642,-0.00402,1
-0.00642,-0.00402,0
-0.09718,0.01685,0
-0.09718,0.01685,1
-0.09911,0.01628,1
-0.09895,0.01623,1
-0.09699,0.01664,1
-0.09815,0.01503,1
-0.09832,0.01390,1
-0.09632,0.01380,1
-0.09431,0.01370,1
-0.09231,0.01360,1
-0.09031,0.01350,1
-0.08851,0.01333,1
-0.08991,0.01206,1
-0.08934,0.01069,1
-0.09127,0.01016,1
-0.09320,0.00962,1
-0.09514,0.00909,1
-0.09707,0.00855,1
-0.09900,0.00802,1
-0.09885,0.00805,1
-0.09692,0.00857,1
-0.09498,0.00908,1
-0.09304,0.00960,1
-0.09110,0.01012,1
-0.08917,0.01063,1
-0.08997,0.01214,1
-0.08837,0.01330,1
-0.09003,0.01348,1
-0.09203,0.01356,1
-0.09403,0.01364,1
-0.09604,0.01372,1
-0.09804,0.01380,1
-0.09800,0.01507,1
-0.09708,0.01685,1
-0.09708,0.01685,0
-0.09844,0.02102,0
-0.09844,0.02102,1
-0.09837,0.02081,1
-0.09647,0.02056,1
-0.09452,0.01997,1
-0.09257,0.01939,1
-0.09071,0.01859,1
-0.08891,0.01765,1
-0.08711,0.01670,1
-0.08531,0.01575,1
-0.08351,0.01481,1
-0.08171,0.01386,1
-0.08003,0.01270,1
-0.07837,0.01153,1
-0.07670,0.01036,1
-0.07508,0.00913,1
-0.07353,0.00782,1
-0.07198,0.00650,1
-0.07043,0.00518,1
-0.06888,0.00387,1
-0.06733,0.00255,1
-0.06578,0.00123,1
-0.06420,-0.00004,1
-0.06252,-0.00119,1
-0.06084,-0.00235,1
-0.05917,-0.00350,1
-0.05749,-0.00465,1
-0.05738,-0.00473,1
-0.05905,-0.00356,1
-0.06072,-0.00240,1
-0.06238,-0.00123,1
-0.06405,-0.00007,1
-0.06566,0.00117,1
-0.06725,0.00244,1
-0.06884,0.00371,1
-0.07043,0.00498,1
-0.07202,0.00625,1
-0.07361,0.00752,1
-0.07520,0.00879,1
-0.07678,0.01007,1
-0.07837,0.01134,1
-0.07996,0.01261,1
-0.08159,0.01382,1
-0.08338,0.01478,1
-0.08517,0.01575,1
-0.08696,0.01672,1
-0.08875,0.01768,1
-0.09056,0.01860,1
-0.09250,0.01921,1
-0.09445,0.01981,1
-0.09639,0.02042,1
-0.09833,0.02102,1
-0.09833,0.02102,0
0.05378,0.02353,0
0.05378,0.02353,1
0.05455,0.02160,1
0.05514,0.01963,1
0.05543,0.01758,1
0.05571,0.01553,1
0.05600,0.01348,1
0.05687,0.01190,1
0.05884,0.01137,1
0.06089,0.01168,1
0.06278,0.01099,1
0.06463,0.01007,1
0.06633,0.01084,1
0.06839,0.01070,1
0.07046,0.01057,1
0.07158,0.01110,1
0.06964,0.01183,1
0.06770,0.01257,1
0.06576,0.01330,1
0.06383,0.01403,1
0.06193,0.01485,1
0.06015,0.01590,1
0.05836,0.01695,1
0.05664,0.01809,1
0.05510,0.01946,1
0.05450,0.02144,1
0.05389,0.02342,1
0.05389,0.02342,0
0.02822,0.04439,0
0.02822,0.04439,1
0.02624,0.04402,1
0.02425,0.04365,1
0.02226,0.04328,1
0.02028,0.04290,1
0.01846,0.04206,1
0.01668,0.04109,1
0.01524,0.04031,1
0.01702,0.04127,1
0.01879,0.04224,1
0.02065,0.04268,1
0.02256,0.04271,1
0.02254,0.04277,1
0.02245,0.04320,1
0.02443,0.04361,1
0.02641,0.04402,1
0.02839,0.04439,1
0.03041,0.04430,1
0.03243,0.04422,1
0.03439,0.04382,1
0.03632,0.04321,1
0.03824,0.04260,1
0.03818,0.04262,1
0.03626,0.04323,1
0.03433,0.04384,1
0.03236,0.04422,1
0.03034,0.04431,1
0.02833,0.04439,1
0.02833,0.04439,0
0.00454,-0.03438,0
0.00454,-0.03438,1
0.00263,-0.03501,1
0.00278,-0.03653,1
0.00415,-0.03800,1
0.00395,-0.03838,1
0.00209,-0.03762,1
0.00347,-0.03801,1
0.00516,-0.03847,1
0.00356,-0.03726,1
0.00231,-0.03591,1
0.00362,-0.03489,1
0.00560,-0.03453,1
0.00750,-0.03483,1
0.00849,-0.03522,1
0.00665,-0.03447,1
0.00464,-0.03438,1
0.00464,-0.03438,0
-0.06849,-0.03208,0
-0.06849,-0.03208,1
-0.07036,-0.03283,1
-0.07223,-0.03358,1
-0.07410,-0.03432,1
-0.07597,-0.03507,1
-0.07784,-0.03582,1
-0.07971,-0.03656,1
-0.08158,-0.03731,1
-0.08345,-0.03806,1
-0.08533,-0.03880,1
-0.08720,-0.03955,1
-0.08907,-0.04030,1
-0.09094,-0.04104,1
-0.09281,-0.04179,1
-0.09468,-0.04254,1
-0.09655,-0.04328,1
-0.09842,-0.04403,1
-0.09963,-0.04457,1
-0.09879,-0.04381,1
-0.09691,-0.04309,1
-0.09503,-0.04238,1
-0.09315,-0.04166,1
-0.09126,-0.04095,1
-0.08938,-0.04023,1
-0.08750,-0.03952,1
-0.08561,-0.03881,1
-0.08373,-0.03809,1
-0.08185,-0.03738,1
-0.07997,-0.03666,1
-0.07808,-0.03595,1
-0.07620,-0.03523,1
-0.07432,-0.03452,1
-0.07244,-0.03380,1
-0.07055,-0.03309,1
-0.06867,-0.03237,1
-0.06938,-0.03306,1
-0.07101,-0.03425,1
-0.07264,-0.03544,1
-0.07426,-0.03663,1
-0.07589,-0.03781,1
-0.07751,-0.03900,1
-0.07914,-0.04019,1
-0.08077,-0.04138,1
-0.08222,-0.04276,1
-0.08358,-0.04425,1
-0.08493,-0.04574,1
-0.08629,-0.04722,1
-0.08765,-0.04871,1
-0.08901,-0.05020,1
-0.09032,-0.05172,1
-0.09149,-0.05336,1
-0.09265,-0.05501,1
-0.09381,-0.05666,1
-0.09417,-0.05720,1
-0.09298,-0.05558,1
-0.09178,-0.05396,1
-0.09059,-0.05233,1
-0.08940,-0.05071,1
-0.08808,-0.04919,1
-0.08671,-0.04771,1
-0.08535,-0.04623,1
-0.08398,-0.04475,1
-0.08261,-0.04327,1
-0.08122,-0.04183,1
-0.07961,-0.04061,1
-0.07801,-0.03939,1
-0.07641,-0.03817,1
-0.07480,-0.03696,1
-0.07320,-0.03574,1
-0.07159,-0.03452,1
-0.06999,-0.03330,1
-0.06839,-0.03208,1
-0.06839,-0.03208,0
0.00151,0.00694,0
0.00151,0.00694,1
0.00076,0.00532,1
-0.00083,0.00404,1
-0.00243,0.00277,1
-0.00402,0.00150,1
-0.00562,0.00022,1
-0.00721,-0.00105,1
-0.00880,-0.00232,1
-0.01040,-0.00359,1
-0.01217,-0.00460,1
-0.01399,-0.00551,1
-0.01581,-0.00642,1
-0.01766,-0.00728,1
-0.01959,-0.00794,1
-0.02152,-0.00860,1
-0.02345,-0.00926,1
-0.02538,-0.00992,1
-0.02731,-0.01058,1
-0.02908,-0.01120,1
-0.02707,-0.01083,1
-0.02506,-0.01047,1
-0.02306,-0.01010,1
-0.02105,-0.00973,1
-0.02215,-0.01004,1
-0.02412,-0.01055,1
-0.02610,-0.01101,1
-0.02814,-0.01101,1
-0.02738,-0.01055,1
-0.02544,-0.00990,1
-0.02351,-0.00925,1
-0.02158,-0.00860,1
-0.01964,-0.00795,1
-0.01771,-0.00730,1
-0.01584,-0.00649,1
-0.01402,-0.00557,1
-0.01219,-0.00466,1
-0.01041,-0.00369,1
-0.00881,-0.00241,1
-0.00722,-0.00114,1
-0.00562,0.00013,1
-0.00403,0.00140,1
-0.00243,0.00267,1
-0.00084,0.00394,1
0.00076,0.00521,1
0.00151,0.00683,1
0.00151,0.00683,0
0.03532,0.00798,0
0.03532,0.00798,1
0.03456,0.00701,1
0.03254,0.00729,1
0.03039,0.00702,1
0.02824,0.00675,1
0.02936,0.00768,1
0.02849,0.00699,1
0.03065,0.00678,1
0.03275,0.00716,1
0.03474,0.00694,1
0.03542,0.00798,1
0.03542,0.00798,0
-0.01987,-0.03928,0
-0.01987,-0.03928,1
-0.02174,-0.04003,1
-0.02360,-0.04077,1
-0.02547,-0.04152,1
-0.02733,-0.04226,1
-0.02920,-0.04301,1
-0.03103,-0.04382,1
-0.03283,-0.04472,1
-0.03463,-0.04561,1
-0.03642,-0.04651,1
-0.03822,-0.04741,1
-0.04000,-0.04833,1
-0.04173,-0.04936,1
-0.04346,-0.05038,1
-0.04518,-0.05141,1
-0.04691,-0.05244,1
-0.04863,-0.05346,1
-0.05036,-0.05449,1
-0.05209,-0.05552,1
-0.05381,-0.05654,1
-0.05554,-0.05757,1
-0.05405,-0.05669,1
-0.05232,-0.05567,1
-0.05059,-0.05465,1
-0.04887,-0.05363,1
-0.04714,-0.05261,1
-0.04541,-0.05158,1
-0.04368,-0.05056,1
-0.04195,-0.04954,1
-0.04022,-0.04852,1
-0.03845,-0.04758,1
-0.03665,-0.04668,1
-0.03486,-0.04578,1
-0.03306,-0.04488,1
-0.03126,-0.04398,1
-0.02945,-0.04313,1
-0.02759,-0.04238,1
-0.02572,-0.04163,1
-0.02386,-0.04088,1
-0.02200,-0.04013,1
-0.02013,-0.03938,1
-0.02136,-0.04017,1
-0.02308,-0.04121,1
-0.02480,-0.04224,1
-0.02652,-0.04328,1
-0.02824,-0.04432,1
-0.02996,-0.04535,1
-0.03168,-0.04639,1
-0.03340,-0.04742,1
-0.03512,-0.04846,1
-0.03684,-0.04950,1
-0.03856,-0.05053,1
-0.04028,-0.05157,1
-0.04188,-0.05278,1
-0.04347,-0.05401,1
-0.04507,-0.05523,1
-0.04666,-0.05645,1
-0.04826,-0.05767,1
-0.04684,-0.05663,1
-0.04522,-0.05544,1
-0.04361,-0.05425,1
-0.04199,-0.05306,1
-0.04037,-0.05186,1
-0.03876,-0.05067,1
-0.03705,-0.04962,1
-0.03532,-0.04859,1
-0.03359,-0.04757,1
-0.03187,-0.04655,1
-0.03014,-0.04552,1
-0.02841,-0.04450,1
-0.02668,-0.04348,1
-0.02495,-0.04245,1
-0.02323,-0.04143,1
-0.02150,-0.04041,1
-0.01977,-0.03938,1
-0.01977,-0.03938,0
0.05190,-0.02666,0
0.05190,-0.02666,1
0.05105,-0.02851,1
0.05020,-0.03037,1
0.04985,-0.03223,1
0.05066,-0.03411,1
0.05147,-0.03599,1
0.05228,-0.03787,1
0.05362,-0.03934,1
0.05531,-0.04037,1
0.05628,-0.04042,1
0.05429,-0.03999,1
0.05280,-0.03859,1
0.05185,-0.03681,1
0.05102,-0.03494,1
0.05020,-0.03307,1
0.05007,-0.03121,1
0.05094,-0.02936,1
0.05181,-0.02751,1
0.05208,-0.02819,1
0.05204,-0.03024,1
0.05200,-0.03228,1
0.05195,-0.03432,1
0.05191,-0.03637,1
0.05192,-0.03493,1
0.05194,-0.03289,1
0.05197,-0.03085,1
0.05199,-0.02880,1
0.05201,-0.02676,1
0.05201,-0.02676,0
-0.06328,-0.02666,0
-0.06328,-0.02666,1
-0.06529,-0.02702,1
-0.06731,-0.02739,1
-0.06932,-0.02776,1
-0.07134,-0.02813,1
-0.07327,-0.02880,1
-0.07520,-0.02948,1
-0.07714,-0.03016,1
-0.07907,-0.03083,1
-0.08100,-0.03151,1
-0.08285,-0.03239,1
-0.08463,-0.03340,1
-0.08641,-0.03441,1
-0.08805,-0.03561,1
-0.08957,-0.03699,1
-0.09108,-0.03837,1
-0.09260,-0.03975,1
-0.09425,-0.04094,1
-0.09598,-0.04204,1
-0.09771,-0.04314,1
-0.09763,-0.04310,1
-0.09589,-0.04201,1
-0.09415,-0.04093,1
-0.09249,-0.03975,1
-0.09098,-0.03837,1
-0.08946,-0.03699,1
-0.08795,-0.03561,1
-0.08630,-0.03441,1
-0.08452,-0.03340,1
-0.08273,-0.03240,1
-0.08091,-0.03148,1
-0.07897,-0.03080,1
-0.07704,-0.03013,1
-0.07511,-0.02945,1
-0.07317,-0.02877,1
-0.07124,-0.02810,1
-0.06922,-0.02774,1
-0.06720,-0.02738,1
-0.06519,-0.02702,1
-0.06317,-0.02666,1
-0.06317,-0.02666,0
-0.00057,-0.02593,0
-0.00057,-0.02593,1
-0.00183,-0.02732,1
-0.00214,-0.02933,1
-0.00245,-0.03135,1
-0.00277,-0.03336,1
-0.00343,-0.03520,1
-0.00478,-0.03672,1
-0.00613,-0.03825,1
-0.00728,-0.03993,1
-0.00839,-0.04163,1
-0.00950,-0.04334,1
-0.01061,-0.04504,1
-0.01173,-0.04675,1
-0.01284,-0.04845,1
-0.01395,-0.05016,1
-0.01506,-0.05186,1
-0.01647,-0.05323,1
-0.01829,-0.05414,1
-0.02011,-0.05505,1
-0.02193,-0.05596,1
-0.02376,-0.05687,1
-0.02544,-0.05771,1
-0.02361,-0.05683,1
-0.02178,-0.05594,1
-0.01994,-0.05505,1
-0.01811,-0.05417,1
-0.01628,-0.05328,1
-0.01498,-0.05179,1
-0.01386,-0.05009,1
-0.01275,-0.04838,1
-0.01163,-0.04668,1
-0.01052,-0.04498,1
-0.00940,-0.04327,1
-0.00829,-0.04157,1
-0.00717,-0.03987,1
-0.00601,-0.03821,1
-0.00465,-0.03668,1
-0.00330,-0.03516,1
-0.00274,-0.03327,1
-0.00243,-0.03126,1
-0.00212,-0.02925,1
-0.00181,-0.02724,1
-0.00047,-0.02593,1
-0.00047,-0.02593,0
0.02207,-0.01268,0
0.02207,-0.01268,1
0.02394,-0.01352,1
0.02582,-0.01436,1
0.02713,-0.01587,1
0.02828,-0.01758,1
0.02888,-0.01938,1
0.02836,-0.02137,1
0.02783,-0.02335,1
0.02731,-0.02534,1
0.02722,-0.02736,1
0.02659,-0.02925,1
0.02658,-0.02931,1
0.02722,-0.02742,1
0.02730,-0.02540,1
0.02782,-0.02341,1
0.02834,-0.02142,1
0.02887,-0.01943,1
0.02833,-0.01761,1
0.02721,-0.01589,1
0.02592,-0.01436,1
0.02405,-0.01352,1
0.02217,-0.01268,1
0.02217,-0.01268,0
-0.09071,-0.00923,0
-0.09071,-0.00923,1
-0.08876,-0.00966,1
-0.08680,-0.01008,1
-0.08484,-0.01051,1
-0.08288,-0.01093,1
-0.08096,-0.01149,1
-0.07906,-0.01215,1
-0.07717,-0.01281,1
-0.07528,-0.01347,1
-0.07339,-0.01414,1
-0.07149,-0.01480,1
-0.06960,-0.01546,1
-0.06771,-0.01612,1
-0.06582,-0.01678,1
-0.06392,-0.01744,1
-0.06203,-0.01810,1
-0.06014,-0.01876,1
-0.05818,-0.01916,1
-0.05620,-0.01948,1
-0.05422,-0.01979,1
-0.05224,-0.02010,1
-0.05026,-0.02041,1
-0.04827,-0.02031,1
-0.04629,-0.02005,1
-0.04432,-0.01969,1
-0.04240,-0.01910,1
-0.04049,-0.01851,1
-0.04042,-0.01845,1
-0.04236,-0.01895,1
-0.04430,-0.01945,1
-0.04624,-0.01995,1
-0.04818,-0.02045,1
-0.05017,-0.02034,1
-0.05217,-0.02017,1
-0.05417,-0.02000,1
-0.05615,-0.01972,1
-0.05809,-0.01922,1
-0.06003,-0.01871,1
-0.06197,-0.01821,1
-0.06389,-0.01764,1
-0.06577,-0.01696,1
-0.06766,-0.01628,1
-0.06955,-0.01560,1
-0.07143,-0.01493,1
-0.07332,-0.01425,1
-0.07521,-0.01357,1
-0.07709,-0.01289,1
-0.07898,-0.01222,1
-0.08087,-0.01154,1
-0.08278,-0.01095,1
-0.08474,-0.01052,1
-0.08669,-0.01009,1
-0.08865,-0.00966,1
-0.09061,-0.00923,1
-0.09061,-0.00923,0
0.00965,-0.00558,0
0.00965,-0.00558,1
0.01040,-0.00730,1
0.01169,-0.00865,1
0.01035,-0.00714,1
0.00979,-0.00560,1
0.01166,-0.00634,1
0.01309,-0.00777,1
0.01432,-0.00936,1
0.01535,-0.01110,1
0.01637,-0.01284,1
0.01735,-0.01452,1
0.01634,-0.01277,1
0.01533,-0.01102,1
0.01432,-0.00927,1
0.01310,-0.00768,1
0.01165,-0.00628,1
0.00975,-0.00558,1
0.00975,-0.00558,0
0.00475,-0.00287,0
0.00475,-0.00287,1
0.00444,-0.00485,1
0.00413,-0.00682,1
0.00424,-0.00880,1
0.00461,-0.01076,1
0.00380,-0.01184,1
0.00353,-0.00995,1
0.00376,-0.00796,1
0.00400,-0.00598,1
0.00401,-0.00592,1
0.00377,-0.00791,1
0.00353,-0.00990,1
0.00371,-0.01182,1
0.00461,-0.01087,1
0.00419,-0.00891,1
0.00418,-0.00694,1
0.00446,-0.00495,1
0.00475,-0.00297,1
0.00475,-0.00297,0
0.00162,0.00068,0
0.00162,0.00068,1
-0.00012,-0.00035,1
-0.00161,-0.00169,1
-0.00297,-0.00317,1
-0.00434,-0.00466,1
-0.00571,-0.00614,1
-0.00708,-0.00762,1
-0.00845,-0.00911,1
-0.00865,-0.00934,1
-0.00727,-0.00786,1
-0.00590,-0.00638,1
-0.00452,-0.00491,1
-0.00314,-0.00343,1
-0.00177,-0.00196,1
-0.00034,-0.00054,1
0.00137,0.00053,1
0.00158,-0.00037,1
0.00032,-0.00195,1
-0.00110,-0.00337,1
-0.00264,-0.00468,1
-0.00417,-0.00599,1
-0.00570,-0.00731,1
-0.00723,-0.00862,1
-0.00877,-0.00994,1
-0.00753,-0.00890,1
-0.00599,-0.00760,1
-0.00445,-0.00630,1
-0.00290,-0.00499,1
-0.00136,-0.00369,1
0.00010,-0.00231,1
0.00136,-0.00074,1
0.00172,0.00068,1
0.00172,0.00068,0
0.00621,0.00370,0
0.00621,0.00370,1
0.00570,0.00173,1
0.00519,-0.00025,1
0.00469,-0.00222,1
0.00418,-0.00420,1
0.00367,-0.00618,1
0.00318,-0.00815,1
0.00311,-0.01019,1
0.00352,-0.01212,1
0.00302,-0.01397,1
0.00217,-0.01582,1
0.00144,-0.01771,1
0.00112,-0.01973,1
0.00080,-0.02174,1
0.00048,-0.02376,1
0.00016,-0.02577,1
0.00047,-0.02386,1
0.00079,-0.02184,1
0.00111,-0.01983,1
0.00143,-0.01781,1
0.00213,-0.01591,1
0.00298,-0.01406,1
0.00356,-0.01221,1
0.00311,-0.01029,1
0.00318,-0.00826,1
0.00365,-0.00628,1
0.00416,-0.00430,1
0.00467,-0.00233,1
0.00518,-0.00035,1
0.00570,0.00162,1
0.00621,0.00360,1
0.00621,0.00360,0
0.03824,0.00548,0
0.03824,0.00548,1
0.03714,0.00367,1
0.03598,0.00193,1
0.03417,0.00083,1
0.03415,0.00066,1
0.03585,0.00180,1
0.03709,0.00351,1
0.03833,0.00522,1
0.03778,0.00357,1
0.03704,0.00159,1
0.03580,-0.00005,1
0.03427,-0.00152,1
0.03423,-0.00137,1
0.03592,-0.00031,1
0.03701,0.00147,1
0.03767,0.00347,1
0.03834,0.00548,1
0.03834,0.00548,0
-0.07360,0.01445,0
-0.07360,0.01445,1
-0.07207,0.01316,1
-0.07053,0.01188,1
-0.06899,0.01059,1
-0.06746,0.00931,1
-0.06592,0.00803,1
-0.06438,0.00674,1
-0.06284,0.00546,1
-0.06131,0.00417,1
-0.05977,0.00289,1
-0.05823,0.00160,1
-0.05670,0.00032,1
-0.05516,-0.00097,1
-0.05362,-0.00225,1
-0.05196,-0.00336,1
-0.05025,-0.00442,1
-0.04855,-0.00547,1
-0.04685,-0.00653,1
-0.04509,-0.00747,1
-0.04324,-0.00824,1
-0.04139,-0.00902,1
-0.03954,-0.00979,1
-0.03770,-0.01057,1
-0.03648,-0.01118,1
-0.03847,-0.01099,1
-0.04046,-0.01080,1
-0.04246,-0.01060,1
-0.04442,-0.01026,1
-0.04635,-0.00970,1
-0.04827,-0.00913,1
-0.05019,-0.00857,1
-0.05086,-0.00837,1
-0.04894,-0.00894,1
-0.04701,-0.00950,1
-0.04509,-0.01007,1
-0.04315,-0.01053,1
-0.04115,-0.01071,1
-0.03916,-0.01088,1
-0.03716,-0.01106,1
-0.03566,-0.01113,1
-0.03753,-0.01042,1
-0.03940,-0.00970,1
-0.04128,-0.00899,1
-0.04315,-0.00828,1
-0.04498,-0.00748,1
-0.04669,-0.00645,1
-0.04841,-0.00541,1
-0.05013,-0.00438,1
-0.05184,-0.00335,1
-0.05352,-0.00225,1
-0.05505,-0.00097,1
-0.05659,0.00032,1
-0.05813,0.00160,1
-0.05967,0.00289,1
-0.06120,0.00417,1
-0.06274,0.00546,1
-0.06428,0.00674,1
-0.06581,0.00803,1
-0.06735,0.00931,1
-0.06889,0.01059,1
-0.07043,0.01188,1
-0.07196,0.01316,1
-0.07350,0.01445,1
-0.07350,0.01445,0
0.05514,0.01914,0
0.05514,0.01914,1
0.05684,0.01800,1
0.05855,0.01685,1
0.06025,0.01570,1
0.06210,0.01483,1
0.06402,0.01411,1
0.06595,0.01339,1
0.06788,0.01268,1
0.06980,0.01196,1
0.07162,0.01112,1
0.07025,0.01074,1
0.06820,0.01081,1
0.06614,0.01087,1
0.06453,0.01014,1
0.06279,0.01124,1
0.06108,0.01215,1
0.05938,0.01145,1
0.05734,0.01175,1
0.05599,0.01295,1
0.05567,0.01498,1
0.05535,0.01701,1
0.05503,0.01904,1
0.05503,0.01904,0
-0.00078,0.02050,0
-0.00078,0.02050,1
0.00047,0.01929,1
0.00037,0.01785,1
-0.00072,0.01609,1
-0.00180,0.01433,1
-0.00319,0.01283,1
-0.00478,0.01150,1
-0.00657,0.01053,1
-0.00850,0.00977,1
-0.00825,0.00986,1
-0.00632,0.01060,1
-0.00454,0.01161,1
-0.00294,0.01292,1
-0.00168,0.01453,1
-0.00062,0.01630,1
0.00044,0.01808,1
0.00063,0.01948,1
-0.00068,0.02050,1
-0.00068,0.02050,0
0.04011,0.03073,0
0.04011,0.03073,1
0.04063,0.03049,1
0.04194,0.02875,1
0.04096,0.02921,1
0.04095,0.02796,1
0.04129,0.02892,1
0.04163,0.02908,1
0.04022,0.03073,1
0.04022,0.03073,0
0.03876,0.03073,0
0.03876,0.03073,1
0.03802,0.02902,1
0.03924,0.02734,1
0.04067,0.02779,1
0.03924,0.02734,1
0.03798,0.02911,1
0.03884,0.03029,1
0.03886,0.03062,1
0.03886,0.03062,0
0.01372,0.03886,0
0.01372,0.03886,1
0.01218,0.03750,1
0.01071,0.03607,1
0.00956,0.03437,1
0.00865,0.03291,1
0.01034,0.03408,1
0.01144,0.03378,1
0.01053,0.03194,1
0.00962,0.03009,1
0.00872,0.02824,1
0.00875,0.02839,1
0.00959,0.03027,1
0.01043,0.03214,1
0.01127,0.03402,1
0.01025,0.03410,1
0.00860,0.03288,1
0.00961,0.03440,1
0.01079,0.03609,1
0.01229,0.03749,1
0.01382,0.03886,1
0.01382,0.03886,0
0.02906,0.04178,0
0.02906,0.04178,1
0.03101,0.04120,1
0.03289,0.04042,1
0.03464,0.03936,1
0.03639,0.03831,1
0.03781,0.03941,1
0.03954,0.04008,1
0.04157,0.03994,1
0.04349,0.03923,1
0.04359,0.03920,1
0.04167,0.03990,1
0.03964,0.04007,1
0.03790,0.03947,1
0.03652,0.03829,1
0.03479,0.03937,1
0.03305,0.04045,1
0.03111,0.04108,1
0.02916,0.04168,1
0.02916,0.04168,0
0.05243,-0.04053,0
0.05243,-0.04053,1
0.05281,-0.04241,1
0.05307,-0.04294,1
0.05274,-0.04083,1
0.05438,-0.04104,1
0.05663,-0.04087,1
0.05473,-0.04113,1
0.05253,-0.04053,1
0.05253,-0.04053,0
0.02321,-0.02467,0
0.02321,-0.02467,1
0.02352,-0.02611,1
0.02260,-0.02803,1
0.02133,-0.02926,1
0.01922,-0.02891,1
0.02050,-0.02932,1
0.02237,-0.02945,1
0.02348,-0.02763,1
0.02488,-0.02875,1
0.02553,-0.02947,1
0.02409,-0.02790,1
0.02385,-0.02611,1
0.02332,-0.02467,1
0.02332,-0.02467,0
0.00256,0.01998,0
0.00256,0.01998,1
0.00235,0.01796,1
0.00215,0.01594,1
0.00195,0.01392,1
0.00175,0.01190,1
0.00155,0.00988,1
0.00080,0.00830,1
-0.00112,0.00766,1
-0.00305,0.00702,1
-0.00498,0.00643,1
-0.00699,0.00669,1
-0.00885,0.00736,1
-0.01046,0.00848,1
-0.00889,0.00724,1
-0.00696,0.00662,1
-0.00496,0.00651,1
-0.00296,0.00672,1
-0.00107,0.00747,1
0.00081,0.00822,1
0.00163,0.00977,1
0.00181,0.01179,1
0.00200,0.01381,1
0.00219,0.01583,1
0.00237,0.01785,1
0.00256,0.01987,1
0.00256,0.01987,0
-0.07433,-0.03563,0
-0.07433,-0.03563,1
-0.07630,-0.03619,1
-0.07827,-0.03675,1
-0.08024,-0.03731,1
-0.08220,-0.03786,1
-0.08414,-0.03850,1
-0.08603,-0.03928,1
-0.08792,-0.04007,1
-0.08981,-0.04085,1
-0.09170,-0.04164,1
-0.09358,-0.04242,1
-0.09472,-0.04400,1
-0.09561,-0.04585,1
-0.09650,-0.04769,1
-0.09739,-0.04953,1
-0.09827,-0.05137,1
-0.09995,-0.05230,1
-0.09821,-0.05135,1
-0.09731,-0.04951,1
-0.09642,-0.04767,1
-0.09552,-0.04583,1
-0.09462,-0.04400,1
-0.09348,-0.04242,1
-0.09159,-0.04163,1
-0.08971,-0.04084,1
-0.08782,-0.04004,1
-0.08594,-0.03925,1
-0.08405,-0.03846,1
-0.08211,-0.03784,1
-0.08014,-0.03729,1
-0.07817,-0.03673,1
-0.07620,-0.03618,1
-0.07423,-0.03563,1
-0.07423,-0.03563,0
0.00026,-0.02613,0
0.00026,-0.02613,1
-0.00018,-0.02790,1
-0.00030,-0.02648,1
-0.00079,-0.02732,1
0.00081,-0.02848,1
0.00264,-0.02945,1
0.00447,-0.03041,1
0.00426,-0.03023,1
0.00249,-0.02917,1
0.00071,-0.02811,1
0.00026,-0.02624,1
0.00026,-0.02624,0
-0.05180,-0.00809,0
-0.05180,-0.00809,1
-0.05006,-0.00912,1
-0.04832,-0.01016,1
-0.04658,-0.01119,1
-0.04484,-0.01223,1
-0.04298,-0.01298,1
-0.04103,-0.01353,1
-0.03908,-0.01408,1
-0.03713,-0.01463,1
-0.03517,-0.01505,1
-0.03314,-0.01493,1
-0.03112,-0.01481,1
-0.02915,-0.01442,1
-0.02720,-0.01385,1
-0.02526,-0.01328,1
-0.02520,-0.01325,1
-0.02715,-0.01380,1
-0.02910,-0.01435,1
-0.03105,-0.01487,1
-0.03308,-0.01484,1
-0.03510,-0.01481,1
-0.03713,-0.01478,1
-0.03908,-0.01436,1
-0.04097,-0.01365,1
-0.04286,-0.01293,1
-0.04476,-0.01221,1
-0.04661,-0.01141,1
-0.04831,-0.01030,1
-0.05000,-0.00919,1
-0.05170,-0.00809,1
-0.05170,-0.00809,0
0.03406,0.00683,0
0.03406,0.00683,1
0.03374,0.00620,1
0.03547,0.00516,1
0.03407,0.00601,1
0.03458,0.00601,1
0.03640,0.00513,1
0.03585,0.00561,1
0.03417,0.00673,1
0.03417,0.00673,0
0.01946,0.00861,0
0.01946,0.00861,1
0.01859,0.00675,1
0.01804,0.00566,1
0.01877,0.00758,1
0.01884,0.00702,1
0.01984,0.00782,1
0.02007,0.00785,1
0.02058,0.00758,1
0.02113,0.00717,1
0.01956,0.00850,1
0.01956,0.00850,0
0.03406,0.01528,0
0.03406,0.01528,1
0.03190,0.01496,1
0.03125,0.01334,1
0.03125,0.01315,1
0.03182,0.01484,1
0.03399,0.01513,1
0.03584,0.01452,1
0.03704,0.01325,1
0.03554,0.01484,1
0.03417,0.01528,1
0.03417,0.01528,0
0.00548,0.02447,0
0.00548,0.02447,1
0.00485,0.02245,1
0.00421,0.02044,1
0.00388,0.01989,1
0.00407,0.02199,1
0.00397,0.02324,1
0.00308,0.02138,1
0.00277,0.01929,1
0.00246,0.01720,1
0.00215,0.01512,1
0.00244,0.01712,1
0.00276,0.01921,1
0.00307,0.02129,1
0.00395,0.02315,1
0.00407,0.02189,1
0.00388,0.01979,1
0.00421,0.02034,1
0.00485,0.02235,1
0.00548,0.02436,1
0.00548,0.02436,0
-0.06401,-0.05420,0
-0.06401,-0.05420,1
-0.06603,-0.05464,1
-0.06806,-0.05507,1
-0.07004,-0.05566,1
-0.07194,-0.05650,1
-0.07384,-0.05733,1
-0.07335,-0.05712,1
-0.07145,-0.05628,1
-0.06955,-0.05545,1
-0.06754,-0.05498,1
-0.06551,-0.05455,1
-0.06407,-0.05439,1
-0.06577,-0.05557,1
-0.06747,-0.05675,1
-0.06863,-0.05758,1
-0.06685,-0.05651,1
-0.06507,-0.05544,1
-0.06390,-0.05420,1
-0.06390,-0.05420,0
0.02280,-0.02426,0
0.02280,-0.02426,1
0.02137,-0.02603,1
0.02044,-0.02822,1
0.02182,-0.02657,1
0.02234,-0.02536,1
0.02290,-0.02426,1
0.02290,-0.02426,0
0.02624,-0.01299,0
0.02624,-0.01299,1
0.02590,-0.01341,1
0.02686,-0.01398,1
0.02707,-0.01440,1
0.02634,-0.01299,1
0.02634,-0.01299,0
0.10000,-0.00715,0
0.10000,-0.00715,1
0.09992,-0.00917,1
0.09955,-0.01115,1
0.09906,-0.01312,1
0.09857,-0.01509,1
0.09809,-0.01705,1
0.09760,-0.01902,1
0.09711,-0.02099,1
0.09617,-0.02236,1
0.09415,-0.02228,1
0.09240,-0.02329,1
0.09225,-0.02338,1
0.09400,-0.02236,1
0.09601,-0.02227,1
0.09711,-0.02114,1
0.09752,-0.01915,1
0.09793,-0.01717,1
0.09835,-0.01519,1
0.09876,-0.01320,1
0.09917,-0.01122,1
0.09959,-0.00923,1
0.10000,-0.00725,1
0.10000,-0.00725,0
0.02280,0.00423,0
0.02280,0.00423,1
0.02176,0.00246,1
0.02036,0.00132,1
0.02186,0.00250,1
0.02262,0.00351,1
0.02290,0.00412,1
0.02290,0.00412,0
0.02749,0.04471,0
0.02749,0.04471,1
0.02547,0.04429,1
0.02344,0.04388,1
0.02437,0.04411,1
0.02638,0.04459,1
0.02845,0.04464,1
0.03051,0.04468,1
0.03256,0.04456,1
0.03458,0.04413,1
0.03660,0.04370,1
0.03850,0.04289,1
0.04038,0.04204,1
0.03961,0.04230,1
0.03768,0.04305,1
0.03575,0.04380,1
0.03378,0.04433,1
0.03172,0.04446,1
0.02966,0.04458,1
0.02760,0.04471,1
0.02760,0.04471,0
-0.02760,0.05639,0
-0.02760,0.05639,1
-0.02625,0.05515,1
-0.02419,0.05523,1
-0.02528,0.05401,1
-0.02679,0.05261,1
-0.02831,0.05154,1
-0.02948,0.05310,1
-0.02916,0.05493,1
-0.02770,0.05639,1
-0.02770,0.05639,0
0.06129,-0.05159,0
0.06129,-0.05159,1
0.06043,-0.05311,1
0.06159,-0.05184,1
0.06149,-0.05372,1
0.06112,-0.05577,1
0.06079,-0.05767,1
0.06124,-0.05564,1
0.06169,-0.05360,1
0.06140,-0.05159,1
0.06140,-0.05159,0
0.00548,-0.04825,0
0.00548,-0.04825,1
0.00466,-0.05012,1
0.00384,-0.05198,1
0.00303,-0.05385,1
0.00221,-0.05571,1
0.00143,-0.05750,1
0.00222,-0.05562,1
0.00301,-0.05375,1
0.00381,-0.05187,1
0.00460,-0.04999,1
0.00485,-0.05079,1
0.00513,-0.05264,1
0.00486,-0.05238,1
0.00517,-0.05037,1
0.00548,-0.04836,1
0.00548,-0.04836,0
0.06046,-0.04815,0
0.06046,-0.04815,1
0.06091,-0.05022,1
0.06272,-0.05140,1
0.06309,-0.05347,1
0.06334,-0.05563,1
0.06359,-0.05772,1
0.06332,-0.05557,1
0.06305,-0.05342,1
0.06278,-0.05127,1
0.06102,-0.05015,1
0.06056,-0.04815,1
0.06056,-0.04815,0
0.01341,-0.03271,0
0.01341,-0.03271,1
0.01212,-0.03459,1
0.01192,-0.03631,1
0.01256,-0.03421,1
0.01210,-0.03644,1
0.01248,-0.03467,1
0.01351,-0.03271,1
0.01351,-0.03271,0
0.07246,-0.02801,0
0.07246,-0.02801,1
0.07370,-0.02970,1
0.07494,-0.03138,1
0.07618,-0.03307,1
0.07741,-0.03475,1
0.07920,-0.03447,1
0.07919,-0.03438,1
0.07734,-0.03459,1
0.07610,-0.03290,1
0.07485,-0.03122,1
0.07361,-0.02954,1
0.07283,-0.02831,1
0.07453,-0.02952,1
0.07624,-0.03073,1
0.07794,-0.03194,1
0.07965,-0.03315,1
0.08109,-0.03418,1
0.07938,-0.03297,1
0.07768,-0.03175,1
0.07597,-0.03054,1
0.07427,-0.02933,1
0.07256,-0.02812,1
0.07256,-0.02812,0
-0.09489,-0.01362,0
-0.09489,-0.01362,1
-0.09689,-0.01390,1
-0.09890,-0.01419,1
-0.09910,-0.01422,1
-0.09709,-0.01393,1
-0.09509,-0.01364,1
-0.09306,-0.01365,1
-0.09104,-0.01368,1
-0.08901,-0.01371,1
-0.08703,-0.01408,1
-0.08505,-0.01453,1
-0.08308,-0.01497,1
-0.08110,-0.01542,1
-0.07912,-0.01586,1
-0.07882,-0.01592,1
-0.08079,-0.01544,1
-0.08276,-0.01497,1
-0.08473,-0.01449,1
-0.08670,-0.01402,1
-0.08871,-0.01386,1
-0.09074,-0.01378,1
-0.09276,-0.01370,1
-0.09478,-0.01362,1
-0.09478,-0.01362,0
0.02895,-0.00287,0
0.02895,-0.00287,1
0.02838,-0.00414,1
0.02644,-0.00503,1
0.02435,-0.00494,1
0.02471,-0.00394,1
0.02678,-0.00341,1
0.02885,-0.00287,1
0.02885,-0.00287,0
-0.00016,0.00516,0
-0.00016,0.00516,1
-0.00167,0.00382,1
-0.00319,0.00248,1
-0.00471,0.00114,1
-0.00623,-0.00020,1
-0.00605,0.00136,1
-0.00464,0.00281,1
-0.00322,0.00427,1
-0.00331,0.00420,1
-0.00474,0.00277,1
-0.00612,0.00131,1
-0.00617,-0.00015,1
-0.00464,0.00118,1
-0.00311,0.00251,1
-0.00158,0.00384,1
-0.00005,0.00516,1
-0.00005,0.00516,0
0.00162,0.00829,0
0.00162,0.00829,1
0.00196,0.00603,1
0.00257,0.00390,1
0.00443,0.00287,1
0.00254,0.00386,1
0.00201,0.00603,1
0.00172,0.00829,1
0.00172,0.00829,0
0.08372,0.00913,0
0.08372,0.00913,1
0.08357,0.00763,1
0.08365,0.00795,1
0.08362,0.00902,1
0.08362,0.00902,0
0.04846,0.01215,0
0.04846,0.01215,1
0.04866,0.01012,1
0.04886,0.00809,1
0.04891,0.00760,1
0.04870,0.00963,1
0.04850,0.01166,1
0.04928,0.01062,1
0.04953,0.00871,1
0.04922,0.00669,1
0.04948,0.00836,1
0.04948,0.01033,1
0.04857,0.01215,1
0.04857,0.01215,0
0.00214,0.01414,0
0.00214,0.01414,1
0.00216,0.01196,1
0.00219,0.00979,1
0.00222,0.00761,1
0.00226,0.00544,1
0.00333,0.00367,1
0.00349,0.00364,1
0.00229,0.00534,1
0.00222,0.00751,1
0.00219,0.00968,1
0.00217,0.01186,1
0.00214,0.01403,1
0.00214,0.01403,0
0.03177,0.01883,0
0.03177,0.01883,1
0.03151,0.01674,1
0.03209,0.01543,1
0.03420,0.01553,1
0.03454,0.01555,1
0.03244,0.01543,1
0.03174,0.01672,1
0.03187,0.01882,1
0.03333,0.01733,1
0.03479,0.01581,1
0.03334,0.01732,1
0.03187,0.01883,1
0.03187,0.01883,0
0.02311,0.02300,0
0.02311,0.02300,1
0.02335,0.02112,1
0.02356,0.02290,1
0.02346,0.02136,1
0.02321,0.02300,1
0.02321,0.02300,0
0.05243,0.02593,0
0.05243,0.02593,1
0.05269,0.02508,1
0.05343,0.02484,1
0.05253,0.02593,1
0.05253,0.02593,0
0.05138,0.02895,0
0.05138,0.02895,1
0.05149,0.02767,1
0.05162,0.02822,1
0.05149,0.02885,1
0.05149,0.02885,0
0.04564,0.02947,0
0.04564,0.02947,1
0.04493,0.02759,1
0.04545,0.02572,1
0.04486,0.02717,1
0.04556,0.02902,1
0.04705,0.02867,1
0.04877,0.02762,1
0.04747,0.02842,1
0.04575,0.02947,1
0.04575,0.02947,0
-0.02749,0.05649,0
-0.02749,0.05649,1
-0.02897,0.05508,1
-0.02956,0.05335,1
-0.02870,0.05158,1
-0.02715,0.05251,1
-0.02557,0.05381,1
-0.02399,0.05510,1
-0.02593,0.05514,1
-0.02739,0.05649,1
-0.02739,0.05649,0
0.05420,-0.02061,0
0.05420,-0.02061,1
0.05420,-0.02276,1
0.05320,-0.02461,1
0.05244,-0.02443,1
0.05304,-0.02236,1
0.05420,-0.02071,1
0.05420,-0.02071,0
0.03657,-0.01612,0
0.03657,-0.01612,1
0.03703,-0.01836,1
0.03682,-0.02068,1
0.03850,-0.02036,1
0.03677,-0.02088,1
0.03672,-0.01855,1
0.03667,-0.01622,1
0.03667,-0.01622,0
-0.01320,-0.00944,0
-0.01320,-0.00944,1
-0.01494,-0.01043,1
-0.01669,-0.01141,1
-0.01843,-0.01240,1
-0.02018,-0.01339,1
-0.02193,-0.01437,1
-0.02367,-0.01536,1
-0.02496,-0.01612,1
-0.02313,-0.01530,1
-0.02130,-0.01449,1
-0.01947,-0.01367,1
-0.01771,-0.01272,1
-0.01683,-0.01204,1
-0.01863,-0.01294,1
-0.02042,-0.01384,1
-0.02221,-0.01473,1
-0.02401,-0.01563,1
-0.02378,-0.01545,1
-0.02204,-0.01447,1
-0.02029,-0.01348,1
-0.01854,-0.01250,1
-0.01680,-0.01152,1
-0.01505,-0.01053,1
-0.01330,-0.00955,1
-0.01330,-0.00955,0
0.02906,-0.00276,0
0.02906,-0.00276,1
0.02696,-0.00332,1
0.02487,-0.00387,1
0.02420,-0.00460,1
0.02618,-0.00489,1
0.02826,-0.00430,1
0.02916,-0.00276,1
0.02916,-0.00276,0
0.01758,0.00214,0
0.01758,0.00214,1
0.01773,0.00163,1
0.01768,0.00214,1
0.01768,0.00214,0
0.02040,0.00475,0
0.02040,0.00475,1
0.01858,0.00343,1
0.01802,0.00327,1
0.01865,0.00330,1
0.02050,0.00475,1
0.02050,0.00475,0
0.01236,0.01904,0
0.01236,0.01904,1
0.01211,0.01693,1
0.01203,0.01481,1
0.01227,0.01270,1
0.01252,0.01058,1
0.01411,0.01094,1
0.01375,0.01271,1
0.01314,0.01473,1
0.01280,0.01683,1
0.01247,0.01894,1
0.01247,0.01894,0
-0.09896,-0.05295,0
-0.09896,-0.05295,1
-0.09918,-0.05322,1
-0.09887,-0.05450,1
-0.09918,-0.05651,1
-0.09929,-0.05698,1
-0.09907,-0.05496,1
-0.09885,-0.05295,1
-0.09885,-0.05295,0
0.07548,-0.04731,0
0.07548,-0.04731,1
0.07711,-0.04870,1
0.07874,-0.05008,1
0.08036,-0.05146,1
0.08199,-0.05284,1
0.08362,-0.05422,1
0.08517,-0.05563,1
0.08477,-0.05773,1
0.08515,-0.05566,1
0.08371,-0.05423,1
0.08206,-0.05286,1
0.08042,-0.05150,1
0.07877,-0.05014,1
0.07713,-0.04878,1
0.07548,-0.04742,1
0.07548,-0.04742,0
0.03855,-0.04606,0
0.03855,-0.04606,1
0.03833,-0.04818,1
0.03811,-0.05030,1
0.03759,-0.05235,1
0.03689,-0.05437,1
0.03620,-0.05638,1
0.03617,-0.05647,1
0.03688,-0.05446,1
0.03758,-0.05245,1
0.03811,-0.05040,1
0.03833,-0.04828,1
0.03855,-0.04617,1
0.03855,-0.04617,0
0.03886,-0.04596,0
0.03886,-0.04596,1
0.03866,-0.04797,1
0.03846,-0.04998,1
0.03808,-0.05195,1
0.03744,-0.05387,1
0.03680,-0.05579,1
0.03617,-0.05770,1
0.03679,-0.05588,1
0.03745,-0.05397,1
0.03811,-0.05206,1
0.03847,-0.05008,1
0.03867,-0.04807,1
0.03886,-0.04606,1
0.03886,-0.04606,0
0.05295,-0.04397,0
0.05295,-0.04397,1
0.05355,-0.04520,1
0.05373,-0.04513,1
0.05295,-0.04408,1
0.05295,-0.04408,0
-0.03135,-0.04366,0
-0.03135,-0.04366,1
-0.03328,-0.04423,1
-0.03522,-0.04479,1
-0.03715,-0.04536,1
-0.03908,-0.04593,1
-0.04101,-0.04649,1
-0.04294,-0.04706,1
-0.04488,-0.04762,1
-0.04681,-0.04819,1
-0.04874,-0.04876,1
-0.05067,-0.04932,1
-0.05251,-0.05008,1
-0.05414,-0.05126,1
-0.05577,-0.05245,1
-0.05740,-0.05363,1
-0.05903,-0.05481,1
-0.06066,-0.05600,1
-0.06229,-0.05718,1
-0.06222,-0.05713,1
-0.06058,-0.05596,1
-0.05895,-0.05478,1
-0.05731,-0.05361,1
-0.05568,-0.05243,1
-0.05404,-0.05125,1
-0.05241,-0.05008,1
-0.05057,-0.04932,1
-0.04864,-0.04876,1
-0.04671,-0.04819,1
-0.04477,-0.04762,1
-0.04284,-0.04706,1
-0.04091,-0.04649,1
-0.03898,-0.04593,1
-0.03704,-0.04536,1
-0.03511,-0.04479,1
-0.03318,-0.04423,1
-0.03125,-0.04366,1
-0.03125,-0.04366,0
0.05889,-0.03751,0
0.05889,-0.03751,1
0.06051,-0.03842,1
0.05998,-0.04037,1
0.05871,-0.04190,1
0.05823,-0.04158,1
0.05856,-0.03960,1
0.05889,-0.03761,1
0.05889,-0.03761,0
-0.07423,-0.03594,0
-0.07423,-0.03594,1
-0.07583,-0.03718,1
-0.07743,-0.03841,1
-0.07903,-0.03964,1
-0.08063,-0.04088,1
-0.08213,-0.04221,1
-0.08351,-0.04369,1
-0.08490,-0.04516,1
-0.08628,-0.04663,1
-0.08499,-0.04529,1
-0.08359,-0.04383,1
-0.08219,-0.04237,1
-0.08072,-0.04100,1
-0.07912,-0.03976,1
-0.07753,-0.03852,1
-0.07593,-0.03728,1
-0.07433,-0.03605,1
-0.07433,-0.03605,0
0.05389,-0.03093,0
0.05389,-0.03093,1
0.05285,-0.03269,1
0.05219,-0.03456,1
0.05212,-0.03660,1
0.05211,-0.03470,1
0.05282,-0.03284,1
0.05378,-0.03104,1
0.05378,-0.03104,0
0.00016,-0.02812,0
0.00016,-0.02812,1
0.00196,-0.02920,1
0.00376,-0.03029,1
0.00557,-0.03138,1
0.00729,-0.03258,1
0.00886,-0.03398,1
0.01043,-0.03538,1
0.00897,-0.03406,1
0.00740,-0.03266,1
0.00572,-0.03140,1
0.00390,-0.03034,1
0.00208,-0.02928,1
0.00026,-0.02822,1
0.00026,-0.02822,0
-0.05733,-0.02760,0
-0.05733,-0.02760,1
-0.05927,-0.02839,1
-0.06121,-0.02918,1
-0.06315,-0.02998,1
-0.06508,-0.03077,1
-0.06685,-0.03186,1
-0.06846,-0.03320,1
-0.07006,-0.03455,1
-0.07167,-0.03589,1
-0.07328,-0.03723,1
-0.07483,-0.03852,1
-0.07321,-0.03719,1
-0.07159,-0.03586,1
-0.06998,-0.03452,1
-0.06836,-0.03319,1
-0.06675,-0.03185,1
-0.06498,-0.03077,1
-0.06304,-0.02998,1
-0.06110,-0.02918,1
-0.05916,-0.02839,1
-0.05722,-0.02760,1
-0.05722,-0.02760,0
0.01372,-0.02572,0
0.01372,-0.02572,1
0.01346,-0.02793,1
0.01321,-0.03014,1
0.01427,-0.03082,1
0.01437,-0.03080,1
0.01320,-0.03024,1
0.01346,-0.02803,1
0.01372,-0.02582,1
0.01372,-0.02582,0
0.01372,-0.02530,0
0.01372,-0.02530,1
0.01472,-0.02716,1
0.01573,-0.02903,1
0.01527,-0.03097,1
0.01525,-0.03102,1
0.01575,-0.02907,1
0.01479,-0.02718,1
0.01382,-0.02530,1
0.01382,-0.02530,0
0.02394,-0.02509,0
0.02394,-0.02509,1
0.02315,-0.02724,1
0.02235,-0.02938,1
0.02025,-0.02910,1
0.02210,-0.02939,1
0.02302,-0.02729,1
0.02394,-0.02520,1
0.02394,-0.02520,0
0.08362,-0.02426,0
0.08362,-0.02426,1
0.08162,-0.02500,1
0.07962,-0.02575,1
0.07762,-0.02649,1
0.07929,-0.02582,1
0.08126,-0.02502,1
0.08327,-0.02441,1
0.08538,-0.02471,1
0.08581,-0.02470,1
0.08372,-0.02426,1
0.08372,-0.02426,0
0.01393,-0.02405,0
0.01393,-0.02405,1
0.01575,-0.02500,1
0.01774,-0.02538,1
0.01788,-0.02540,1
0.01587,-0.02507,1
0.01403,-0.02415,1
0.01403,-0.02415,0
-0.06714,-0.02321,0
-0.06714,-0.02321,1
-0.06534,-0.02440,1
-0.06354,-0.02558,1
-0.06147,-0.02615,1
-0.06132,-0.02620,1
-0.06338,-0.02559,1
-0.06520,-0.02445,1
-0.06703,-0.02332,1
-0.06703,-0.02332,0
0.00037,-0.02165,0
0.00037,-0.02165,1
-0.00133,-0.02274,1
-0.00302,-0.02384,1
-0.00471,-0.02493,1
-0.00640,-0.02602,1
-0.00809,-0.02712,1
-0.00991,-0.02798,1
-0.01174,-0.02883,1
-0.01178,-0.02886,1
-0.00995,-0.02802,1
-0.00811,-0.02719,1
-0.00642,-0.02611,1
-0.00472,-0.02502,1
-0.00303,-0.02393,1
-0.00133,-0.02284,1
0.00037,-0.02175,1
0.00037,-0.02175,0
0.03657,-0.02144,0
0.03657,-0.02144,1
0.03695,-0.02146,1
0.03876,-0.02233,1
0.03667,-0.02144,1
0.03667,-0.02144,0
0.01247,-0.02092,0
0.01247,-0.02092,1
0.01452,-0.02231,1
0.01640,-0.02147,1
0.01462,-0.02231,1
0.01257,-0.02092,1
0.01257,-0.02092,0
0.05420,-0.02050,0
0.05420,-0.02050,1
0.05300,-0.02244,1
0.05232,-0.02452,1
0.05307,-0.02469,1
0.05414,-0.02277,1
0.05430,-0.02050,1
0.05430,-0.02050,0
0.08779,-0.01591,0
0.08779,-0.01591,1
0.08717,-0.01800,1
0.08656,-0.02010,1
0.08667,-0.02225,1
0.08695,-0.02442,1
0.08668,-0.02235,1
0.08653,-0.02020,1
0.08716,-0.01811,1
0.08779,-0.01601,1
0.08779,-0.01601,0
0.02718,-0.01487,0
0.02718,-0.01487,1
0.02921,-0.01553,1
0.03107,-0.01633,1
0.03142,-0.01843,1
0.02954,-0.01835,1
0.02824,-0.01676,1
0.02707,-0.01497,1
0.02707,-0.01497,0
0.01852,-0.00537,0
0.01852,-0.00537,1
0.01905,-0.00594,1
0.01862,-0.00537,1
0.01862,-0.00537,0
0.02843,-0.00318,0
0.02843,-0.00318,1
0.02815,-0.00328,1
0.02853,-0.00318,1
0.02853,-0.00318,0
0.01748,0.00297,0
0.01748,0.00297,1
0.01581,0.00115,1
0.01597,0.00121,1
0.01758,0.00297,1
0.01758,0.00297,0
0.00642,0.00370,0
0.00642,0.00370,1
0.00606,0.00170,1
0.00571,-0.00030,1
0.00535,-0.00230,1
0.00500,-0.00430,1
0.00464,-0.00630,1
0.00493,-0.00831,1
0.00523,-0.01032,1
0.00522,-0.01031,1
0.00493,-0.00829,1
0.00465,-0.00628,1
0.00502,-0.00429,1
0.00540,-0.00229,1
0.00577,-0.00029,1
0.00615,0.00171,1
0.00652,0.00370,1
0.00652,0.00370,0
0.01852,0.00496,0
0.01852,0.00496,1
0.02048,0.00495,1
0.01862,0.00496,1
0.01862,0.00496,0
0.01508,0.00516,0
0.01508,0.00516,1
0.01666,0.00462,1
0.01518,0.00506,1
0.01518,0.00506,0
0.01268,0.00621,0
0.01268,0.00621,1
0.01313,0.00548,1
0.01438,0.00458,1
0.01268,0.00610,1
0.01268,0.00610,0
0.03594,0.00662,0
0.03594,0.00662,1
0.03691,0.00583,1
0.03673,0.00618,1
0.03605,0.00652,1
0.03605,0.00652,0
-0.01184,0.01069,0
-0.01184,0.01069,1
-0.01078,0.00875,1
-0.01037,0.00884,1
-0.01174,0.01069,1
-0.01174,0.01069,0
0.06182,0.01299,0
0.06182,0.01299,1
0.06379,0.01174,1
0.06411,0.01148,1
0.06208,0.01263,1
0.06383,0.01249,1
0.06192,0.01299,1
0.06192,0.01299,0
0.03479,0.01320,0
0.03479,0.01320,1
0.03532,0.01196,1
0.03490,0.01320,1
0.03490,0.01320,0
0.00840,0.01382,0
0.00840,0.01382,1
0.00864,0.01183,1
0.00887,0.00983,1
0.00970,0.00802,1
0.01067,0.00625,1
0.00975,0.00793,1
0.00889,0.00972,1
0.00864,0.01172,1
0.00840,0.01372,1
0.00840,0.01372,0
0.00433,0.01528,0
0.00433,0.01528,1
0.00406,0.01317,1
0.00379,0.01105,1
0.00305,0.01169,1
0.00305,0.01177,1
0.00387,0.01093,1
0.00410,0.01306,1
0.00433,0.01518,1
0.00433,0.01518,0
0.01236,0.01883,0
0.01236,0.01883,1
0.01289,0.01682,1
0.01342,0.01482,1
0.01395,0.01281,1
0.01435,0.01087,1
0.01255,0.01048,1
0.01230,0.01254,1
0.01205,0.01460,1
0.01206,0.01666,1
0.01226,0.01873,1
0.01226,0.01873,0
0.00276,0.02102,0
0.00276,0.02102,1
0.00161,0.01935,1
0.00045,0.01767,1
-0.00070,0.01599,1
-0.00186,0.01431,1
-0.00301,0.01264,1
-0.00445,0.01130,1
-0.00631,0.01048,1
-0.00818,0.00966,1
-0.00822,0.00963,1
-0.00635,0.01044,1
-0.00448,0.01125,1
-0.00299,0.01252,1
-0.00184,0.01420,1
-0.00069,0.01588,1
0.00046,0.01756,1
0.00161,0.01924,1
0.00276,0.02092,1
0.00276,0.02092,0
0.02186,0.02332,0
0.02186,0.02332,1
0.02231,0.02164,1
0.02175,0.02321,1
0.02175,0.02321,0
0.04784,0.02363,0
0.04784,0.02363,1
0.04794,0.02363,1
0.04794,0.02363,0
0.05211,0.02415,0
0.05211,0.02415,1
0.05201,0.02405,1
0.05201,0.02405,0
0.04700,0.02791,0
0.04700,0.02791,1
0.04808,0.02634,1
0.04710,0.02780,1
0.04710,0.02780,0
0.03187,0.02833,0
0.03187,0.02833,1
0.03324,0.02596,1
0.03198,0.02833,1
0.03198,0.02833,0
0.01455,0.03020,0
0.01455,0.03020,1
0.01407,0.02817,1
0.01359,0.02613,1
0.01310,0.02410,1
0.01262,0.02206,1
0.01301,0.02369,1
0.01350,0.02572,1
0.01399,0.02776,1
0.01448,0.02979,1
0.01444,0.02833,1
0.01431,0.02624,1
0.01432,0.02603,1
0.01449,0.02812,1
0.01466,0.03020,1
0.01466,0.03020,0
0.02520,0.04189,0
0.02520,0.04189,1
0.02329,0.04113,1
0.02478,0.04179,1
0.02683,0.04185,1
0.02735,0.04189,1
0.02530,0.04189,1
0.02530,0.04189,0
0.06463,0.05347,0
0.06463,0.05347,1
0.06307,0.05217,1
0.06151,0.05087,1
0.05994,0.04957,1
0.05838,0.04827,1
0.05682,0.04697,1
0.05525,0.04567,1
0.05353,0.04462,1
0.05171,0.04371,1
0.04990,0.04279,1
0.04808,0.04187,1
0.04627,0.04096,1
0.04445,0.04004,1
0.04615,0.04090,1
0.04796,0.04181,1
0.04978,0.04273,1
0.05159,0.04364,1
0.05341,0.04456,1
0.05521,0.04550,1
0.05676,0.04681,1
0.05832,0.04812,1
0.05987,0.04943,1
0.06142,0.05074,1
0.06297,0.05205,1
0.06453,0.05336,1
0.06453,0.05336,0
0.05149,-0.04022,0
0.05149,-0.04022,1
0.05205,-0.04163,1
0.05149,-0.04032,1
0.05149,-0.04032,0
0.05149,-0.04001,0
0.05149,-0.04001,1
0.05186,-0.04165,1
0.05159,-0.04011,1
0.05159,-0.04011,0
0.02937,-0.01841,0
0.02937,-0.01841,1
0.03120,-0.01918,1
0.02937,-0.01852,1
0.02937,-0.01852,0
0.01195,-0.01455,0
0.01195,-0.01455,1
0.01216,-0.01691,1
0.01237,-0.01926,1
0.01192,-0.01931,1
0.01172,-0.01702,1
0.01184,-0.01466,1
0.01184,-0.01466,0
0.01195,-0.01435,0
0.01195,-0.01435,1
0.01180,-0.01636,1
0.01166,-0.01836,1
0.01213,-0.02030,1
0.01212,-0.01848,1
0.01209,-0.01646,1
0.01205,-0.01445,1
0.01205,-0.01445,0
0.03918,0.00005,0
0.03918,0.00005,1
0.03741,-0.00119,1
0.03565,-0.00244,1
0.03751,-0.00154,1
0.03907,-0.00005,1
0.03907,-0.00005,0
-0.01184,0.01059,0
-0.01184,0.01059,1
-0.01054,0.00883,1
-0.01184,0.01049,1
-0.01184,0.01049,0
0.02196,0.02342,0
0.02196,0.02342,1
0.02198,0.02148,1
0.02207,0.02332,1
0.02207,0.02332,0
0.04784,0.02353,0
0.04784,0.02353,1
0.04784,0.02342,1
0.04784,0.02342,0
0.05211,0.02426,0
0.05211,0.02426,1
0.05251,0.02271,1
0.05222,0.02426,1
0.05222,0.02426,0
0.01612,0.02457,0
0.01612,0.02457,1
0.01601,0.02447,1
0.01601,0.02447,0
0.04710,0.02780,0
0.04710,0.02780,1
0.04700,0.02770,1
0.04700,0.02770,0
0.03187,0.02822,0
0.03187,0.02822,1
0.03355,0.02619,1
0.03177,0.02812,1
0.03177,0.02812,0
0.05003,0.02926,0
0.05003,0.02926,1
0.04987,0.02720,1
0.04967,0.02524,1
0.04961,0.02713,1
0.05003,0.02916,1
0.05003,0.02916,0
0.05013,0.02947,0
0.05013,0.02947,1
0.04952,0.02740,1
0.04968,0.02532,1
0.04992,0.02722,1
0.05013,0.02937,1
0.05013,0.02937,0
0.02551,0.04158,0
0.02551,0.04158,1
0.02341,0.04088,1
0.02540,0.04119,1
0.02758,0.04156,1
0.02561,0.04158,1
0.02561,0.04158,0
0.05900,-0.05576,0
0.05900,-0.05576,1
0.05838,-0.05772,1
0.05910,-0.05587,1
0.05910,-0.05587,0
0.05879,-0.05566,0
0.05879,-0.05566,1
0.05797,-0.05749,1
0.05879,-0.05576,1
0.05879,-0.05576,0
0.07600,-0.05524,0
0.07600,-0.05524,1
0.07713,-0.05750,1
0.07600,-0.05535,1
0.07600,-0.05535,0
0.00276,-0.05462,0
0.00276,-0.05462,1
0.00358,-0.05728,1
0.00276,-0.05472,1
0.00276,-0.05472,0
-0.05097,-0.05409,0
-0.05097,-0.05409,1
-0.05290,-0.05537,1
-0.05484,-0.05665,1
-0.05496,-0.05673,1
-0.05301,-0.05547,1
-0.05107,-0.05420,1
-0.05107,-0.05420,0
0.05409,-0.05389,0
0.05409,-0.05389,1
0.05249,-0.05570,1
0.05089,-0.05751,1
0.05246,-0.05578,1
0.05409,-0.05399,1
0.05409,-0.05399,0
-0.00037,-0.05274,0
-0.00037,-0.05274,1
-0.00140,-0.05472,1
-0.00243,-0.05670,1
-0.00250,-0.05682,1
-0.00148,-0.05483,1
-0.00047,-0.05284,1
-0.00047,-0.05284,0
-0.00256,-0.05263,0
-0.00256,-0.05263,1
-0.00422,-0.05396,1
-0.00587,-0.05529,1
-0.00592,-0.05534,1
-0.00424,-0.05404,1
-0.00256,-0.05274,1
-0.00256,-0.05274,0
0.06119,-0.05211,0
0.06119,-0.05211,1
0.06090,-0.05437,1
0.06060,-0.05663,1
0.06063,-0.05661,1
0.06096,-0.05436,1
0.06129,-0.05211,1
0.06129,-0.05211,0
0.00464,-0.05055,0
0.00464,-0.05055,1
0.00377,-0.05245,1
0.00290,-0.05435,1
0.00369,-0.05256,1
0.00454,-0.05065,1
0.00454,-0.05065,0
0.01821,-0.05003,0
0.01821,-0.05003,1
0.01853,-0.05210,1
0.01886,-0.05417,1
0.01918,-0.05624,1
0.01920,-0.05634,1
0.01887,-0.05427,1
0.01854,-0.05220,1
0.01821,-0.05013,1
0.01821,-0.05013,0
0.01800,-0.05003,0
0.01800,-0.05003,1
0.01737,-0.05222,1
0.01675,-0.05441,1
0.01613,-0.05660,1
0.01611,-0.05670,1
0.01674,-0.05451,1
0.01737,-0.05232,1
0.01800,-0.05013,1
0.01800,-0.05013,0
0.07423,-0.04940,0
0.07423,-0.04940,1
0.07467,-0.05142,1
0.07511,-0.05344,1
0.07555,-0.05547,1
0.07599,-0.05749,1
0.07557,-0.05557,1
0.07512,-0.05355,1
0.07468,-0.05153,1
0.07423,-0.04950,1
0.07423,-0.04950,0
0.05733,-0.04940,0
0.05733,-0.04940,1
0.05576,-0.05152,1
0.05567,-0.05163,1
0.05722,-0.04950,1
0.05722,-0.04950,0
0.07444,-0.04930,0
0.07444,-0.04930,1
0.07545,-0.05114,1
0.07647,-0.05299,1
0.07748,-0.05483,1
0.07850,-0.05668,1
0.07854,-0.05676,1
0.07751,-0.05492,1
0.07649,-0.05308,1
0.07546,-0.05124,1
0.07444,-0.04940,1
0.07444,-0.04940,0
0.03730,-0.04815,0
0.03730,-0.04815,1
0.03672,-0.05027,1
0.03614,-0.05239,1
0.03557,-0.05451,1
0.03499,-0.05664,1
0.03497,-0.05673,1
0.03555,-0.05461,1
0.03613,-0.05249,1
0.03672,-0.05037,1
0.03730,-0.04825,1
0.03730,-0.04825,0
0.03709,-0.04794,0
0.03709,-0.04794,1
0.03649,-0.05004,1
0.03589,-0.05214,1
0.03529,-0.05424,1
0.03469,-0.05634,1
0.03467,-0.05643,1
0.03527,-0.05434,1
0.03588,-0.05224,1
0.03648,-0.05014,1
0.03709,-0.04804,1
0.03709,-0.04804,0
0.07527,-0.04742,0
0.07527,-0.04742,1
0.07624,-0.04927,1
0.07720,-0.05112,1
0.07816,-0.05297,1
0.07913,-0.05482,1
0.08009,-0.05668,1
0.08013,-0.05676,1
0.07916,-0.05491,1
0.07819,-0.05306,1
0.07722,-0.05122,1
0.07625,-0.04937,1
0.07527,-0.04752,1
0.07527,-0.04752,0
-0.08665,-0.04710,0
-0.08665,-0.04710,1
-0.08794,-0.04873,1
-0.08923,-0.05036,1
-0.09053,-0.05199,1
-0.09182,-0.05362,1
-0.09311,-0.05525,1
-0.09440,-0.05687,1
-0.09450,-0.05699,1
-0.09321,-0.05536,1
-0.09191,-0.05373,1
-0.09062,-0.05210,1
-0.08933,-0.05047,1
-0.08804,-0.04884,1
-0.08675,-0.04721,1
-0.08675,-0.04721,0
0.07496,-0.04523,0
0.07496,-0.04523,1
0.07656,-0.04649,1
0.07816,-0.04775,1
0.07977,-0.04901,1
0.08137,-0.05028,1
0.08297,-0.05154,1
0.08308,-0.05163,1
0.08148,-0.05037,1
0.07988,-0.04911,1
0.07827,-0.04785,1
0.07667,-0.04659,1
0.07507,-0.04533,1
0.07507,-0.04533,0
0.07402,-0.04491,0
0.07402,-0.04491,1
0.07564,-0.04639,1
0.07726,-0.04786,1
0.07887,-0.04933,1
0.08049,-0.05080,1
0.08211,-0.05227,1
0.08060,-0.05090,1
0.07898,-0.04943,1
0.07736,-0.04796,1
0.07574,-0.04649,1
0.07413,-0.04502,1
0.07413,-0.04502,0
0.05973,-0.04387,0
0.05973,-0.04387,1
0.05891,-0.04633,1
0.05973,-0.04397,1
0.05973,-0.04397,0
0.00621,-0.04377,0
0.00621,-0.04377,1
0.00465,-0.04524,1
0.00310,-0.04671,1
0.00316,-0.04667,1
0.00474,-0.04522,1
0.00631,-0.04377,1
0.00631,-0.04377,0
0.03605,-0.03855,0
0.03605,-0.03855,1
0.03653,-0.04116,1
0.03654,-0.04126,1
0.03605,-0.03865,1
0.03605,-0.03865,0
0.03625,-0.03824,0
0.03625,-0.03824,1
0.03673,-0.04084,1
0.03678,-0.04095,1
0.03636,-0.03834,1
0.03636,-0.03834,0
0.03740,-0.03698,0
0.03740,-0.03698,1
0.03779,-0.03921,1
0.03817,-0.04143,1
0.03856,-0.04365,1
0.03857,-0.04375,1
0.03818,-0.04153,1
0.03779,-0.03931,1
0.03740,-0.03709,1
0.03740,-0.03709,0
0.06568,-0.03521,0
0.06568,-0.03521,1
0.06698,-0.03741,1
0.06701,-0.03750,1
0.06568,-0.03532,1
0.06568,-0.03532,0
-0.00287,-0.03511,0
-0.00287,-0.03511,1
-0.00287,-0.03521,1
-0.00287,-0.03521,0
0.00840,-0.03385,0
0.00840,-0.03385,1
0.00840,-0.03396,1
0.00840,-0.03396,0
0.00694,-0.03187,0
0.00694,-0.03187,1
0.00864,-0.03337,1
0.01035,-0.03487,1
0.00873,-0.03340,1
0.00704,-0.03187,1
0.00704,-0.03187,0
0.01445,-0.03166,0
0.01445,-0.03166,1
0.01219,-0.03321,1
0.01455,-0.03166,1
0.01455,-0.03166,0
0.05357,-0.03073,0
0.05357,-0.03073,1
0.05214,-0.03288,1
0.05357,-0.03083,1
0.05357,-0.03083,0
0.02300,-0.03010,0
0.02300,-0.03010,1
0.02496,-0.03226,1
0.02311,-0.03010,1
0.02311,-0.03010,0
0.02300,-0.02989,0
0.02300,-0.02989,1
0.02452,-0.03133,1
0.02459,-0.03137,1
0.02311,-0.02989,1
0.02311,-0.02989,0
0.01779,-0.02979,0
0.01779,-0.02979,1
0.01779,-0.02989,1
0.01779,-0.02989,0
0.01841,-0.02926,0
0.01841,-0.02926,1
0.01852,-0.02937,1
0.01852,-0.02937,0
-0.05712,-0.02780,0
-0.05712,-0.02780,1
-0.05884,-0.02887,1
-0.06056,-0.02994,1
-0.06228,-0.03101,1
-0.06400,-0.03208,1
-0.06572,-0.03315,1
-0.06744,-0.03421,1
-0.06916,-0.03528,1
-0.07089,-0.03635,1
-0.07261,-0.03742,1
-0.07433,-0.03849,1
-0.07605,-0.03956,1
-0.07445,-0.03857,1
-0.07273,-0.03750,1
-0.07100,-0.03643,1
-0.06928,-0.03537,1
-0.06756,-0.03430,1
-0.06584,-0.03324,1
-0.06411,-0.03217,1
-0.06239,-0.03111,1
-0.06067,-0.03004,1
-0.05895,-0.02897,1
-0.05722,-0.02791,1
-0.05722,-0.02791,0
0.09531,-0.02760,0
0.09531,-0.02760,1
0.09273,-0.02863,1
0.09541,-0.02770,1
0.09541,-0.02770,0
0.03552,-0.02363,0
0.03552,-0.02363,1
0.03620,-0.02568,1
0.03687,-0.02773,1
0.03755,-0.02978,1
0.03822,-0.03183,1
0.03757,-0.02987,1
0.03689,-0.02783,1
0.03621,-0.02578,1
0.03552,-0.02374,1
0.03552,-0.02374,0
0.03532,-0.02290,0
0.03532,-0.02290,1
0.03523,-0.02508,1
0.03514,-0.02725,1
0.03505,-0.02943,1
0.03506,-0.02943,1
0.03518,-0.02725,1
0.03530,-0.02508,1
0.03542,-0.02290,1
0.03542,-0.02290,0
0.00026,-0.02207,0
0.00026,-0.02207,1
-0.00151,-0.02321,1
-0.00328,-0.02435,1
-0.00505,-0.02550,1
-0.00683,-0.02664,1
-0.00860,-0.02778,1
-0.01037,-0.02893,1
-0.01214,-0.03007,1
-0.01206,-0.03003,1
-0.01029,-0.02889,1
-0.00851,-0.02775,1
-0.00674,-0.02662,1
-0.00496,-0.02548,1
-0.00319,-0.02434,1
-0.00141,-0.02320,1
0.00037,-0.02207,1
0.00037,-0.02207,0
0.04199,-0.02196,0
0.04199,-0.02196,1
0.04199,-0.02207,1
0.04199,-0.02207,0
0.01257,-0.02144,0
0.01257,-0.02144,1
0.01470,-0.02286,1
0.01268,-0.02154,1
0.01268,-0.02154,0
-0.04836,-0.02081,0
-0.04836,-0.02081,1
-0.04652,-0.02184,1
-0.04825,-0.02081,1
-0.04825,-0.02081,0
0.03855,-0.02071,0
0.03855,-0.02071,1
0.03855,-0.02081,1
0.03855,-0.02081,0
-0.03918,-0.01956,0
-0.03918,-0.01956,1
-0.04104,-0.02030,1
-0.04290,-0.02103,1
-0.04477,-0.02177,1
-0.04663,-0.02251,1
-0.04676,-0.02256,1
-0.04489,-0.02184,1
-0.04302,-0.02111,1
-0.04115,-0.02039,1
-0.03928,-0.01967,1
-0.03928,-0.01967,0
0.03824,-0.01737,0
0.03824,-0.01737,1
0.03834,-0.01737,1
0.03834,-0.01737,0
0.08832,-0.01591,0
0.08832,-0.01591,1
0.08914,-0.01787,1
0.08997,-0.01982,1
0.09080,-0.02177,1
0.09084,-0.02187,1
0.09000,-0.01991,1
0.08916,-0.01796,1
0.08832,-0.01601,1
0.08832,-0.01601,0
0.02248,-0.01362,0
0.02248,-0.01362,1
0.02465,-0.01465,1
0.02682,-0.01568,1
0.02475,-0.01467,1
0.02259,-0.01362,1
0.02259,-0.01362,0
0.01320,-0.01007,0
0.01320,-0.01007,1
0.01320,-0.01017,1
0.01320,-0.01017,0
0.00725,-0.00412,0
0.00725,-0.00412,1
0.00782,-0.00639,1
0.00839,-0.00866,1
0.00783,-0.00649,1
0.00725,-0.00423,1
0.00725,-0.00423,0
-0.00767,-0.00224,0
-0.00767,-0.00224,1
-0.00941,-0.00350,1
-0.01115,-0.00476,1
-0.01288,-0.00602,1
-0.01281,-0.00598,1
-0.01106,-0.00473,1
-0.00931,-0.00349,1
-0.00756,-0.00224,1
-0.00756,-0.00224,0
0.03751,-0.00120,0
0.03751,-0.00120,1
0.03527,-0.00211,1
0.03740,-0.00130,1
0.03740,-0.00130,0
0.02217,0.00078,0
0.02217,0.00078,1
0.02227,0.00078,1
0.02227,0.00078,0
0.01601,0.00224,0
0.01601,0.00224,1
0.01601,0.00214,1
0.01601,0.00214,0
0.03730,0.00819,0
0.03730,0.00819,1
0.03740,0.00819,1
0.03740,0.00819,0
0.02958,0.01111,0
0.02958,0.01111,1
0.03153,0.00968,1
0.02968,0.01111,1
0.02968,0.01111,0
0.03542,0.01299,0
0.03542,0.01299,1
0.03552,0.01288,1
0.03552,0.01288,0
0.00882,0.01341,0
0.00882,0.01341,1
0.00933,0.01144,1
0.00985,0.00947,1
0.01037,0.00751,1
0.00987,0.00937,1
0.00934,0.01134,1
0.00882,0.01330,1
0.00882,0.01330,0
0.02092,0.01414,0
0.02092,0.01414,1
0.02154,0.01223,1
0.02215,0.01032,1
0.02155,0.01213,1
0.02092,0.01403,1
0.02092,0.01403,0
0.05973,0.01560,0
0.05973,0.01560,1
0.06146,0.01444,1
0.06319,0.01329,1
0.06330,0.01321,1
0.06157,0.01435,1
0.05983,0.01549,1
0.05983,0.01549,0
-0.09844,0.01987,0
-0.09844,0.01987,1
-0.09833,0.01987,1
-0.09833,0.01987,0
0.00569,0.02405,0
0.00569,0.02405,1
0.00487,0.02128,1
0.00569,0.02394,1
0.00569,0.02394,0
0.04836,0.02447,0
0.04836,0.02447,1
0.04836,0.02436,1
0.04836,0.02436,0
0.01612,0.02478,0
0.01612,0.02478,1
0.01622,0.02467,1
0.01622,0.02467,0
0.01508,0.02520,0
0.01508,0.02520,1
0.01518,0.02520,1
0.01518,0.02520,0
0.05347,0.02718,0
0.05347,0.02718,1
0.05562,0.02681,1
0.05777,0.02643,1
0.05787,0.02642,1
0.05572,0.02680,1
0.05357,0.02718,1
0.05357,0.02718,0
0.04617,0.02822,0
0.04617,0.02822,1
0.04606,0.02812,1
0.04606,0.02812,0
0.04617,0.02833,0
0.04617,0.02833,1
0.04627,0.02833,1
0.04627,0.02833,0
0.00892,0.02968,0
0.00892,0.02968,1
0.00810,0.02774,1
0.00892,0.02958,1
0.00892,0.02958,0
0.00861,0.02989,0
0.00861,0.02989,1
0.00782,0.02792,1
0.00703,0.02594,1
0.00624,0.02397,1
0.00545,0.02199,1
0.00547,0.02202,1
0.00628,0.02399,1
0.00709,0.02596,1
0.00790,0.02792,1
0.00871,0.02989,1
0.00871,0.02989,0
0.00819,0.03177,0
0.00819,0.03177,1
0.00819,0.03166,1
0.00819,0.03166,0
0.04919,0.03469,0
0.04919,0.03469,1
0.05039,0.03266,1
0.05159,0.03063,1
0.05163,0.03055,1
0.05041,0.03257,1
0.04919,0.03459,1
0.04919,0.03459,0
0.05034,0.04199,0
0.05034,0.04199,1
0.04829,0.04094,1
0.04838,0.04096,1
0.05044,0.04199,1
0.05044,0.04199,0
0.01466,-0.05587,0
0.01466,-0.05587,1
0.01455,-0.05597,1
0.01455,-0.05597,0
0.05357,-0.05409,0
0.05357,-0.05409,1
0.05347,-0.05420,1
0.05347,-0.05420,0
0.08289,-0.05389,0
0.08289,-0.05389,1
0.08289,-0.05399,1
0.08289,-0.05399,0
0.03772,-0.04700,0
0.03772,-0.04700,1
0.03772,-0.04710,1
0.03772,-0.04710,0
0.00798,-0.04471,0
0.00798,-0.04471,1
0.00788,-0.04481,1
0.00788,-0.04481,0
0.00736,-0.04366,0
0.00736,-0.04366,1
0.00746,-0.04366,1
0.00746,-0.04366,0
0.05900,-0.03897,0
0.05900,-0.03897,1
0.05900,-0.03907,1
0.05900,-0.03907,0
-0.00099,-0.03730,0
-0.00099,-0.03730,1
-0.00089,-0.03730,1
-0.00089,-0.03730,0
0.08758,-0.03312,0
0.08758,-0.03312,1
0.08769,-0.03312,1
0.08769,-0.03312,0
0.09270,-0.02885,0
0.09270,-0.02885,1
0.09280,-0.02895,1
0.09280,-0.02895,0
0.03813,-0.01800,0
0.03813,-0.01800,1
0.03824,-0.01800,1
0.03824,-0.01800,0
0.03521,-0.01549,0
0.03521,-0.01549,1
0.03532,-0.01549,1
0.03532,-0.01549,0
0.03949,-0.01351,0
0.03949,-0.01351,1
0.03949,-0.01362,1
0.03949,-0.01362,0
0.01862,-0.01205,0
0.01862,-0.01205,1
0.01873,-0.01205,1
0.01873,-0.01205,0
0.03991,-0.01038,0
0.03991,-0.01038,1
0.03991,-0.01049,1
0.03991,-0.01049,0
0.00934,-0.00975,0
0.00934,-0.00975,1
0.00944,-0.00986,1
0.00944,-0.00986,0
0.01226,0.00621,0
0.01226,0.00621,1
0.01226,0.00610,1
0.01226,0.00610,0
0.01914,0.00840,0
0.01914,0.00840,1
0.01904,0.00829,1
0.01904,0.00829,0
0.01278,0.01487,0
0.01278,0.01487,1
0.01278,0.01476,1
0.01278,0.01476,0
0.00464,0.01518,0
0.00464,0.01518,1
0.00464,0.01508,1
0.00464,0.01508,0
-0.10000,0.02154,0
-0.10000,0.02154,1
-0.09990,0.02154,1
-0.09990,0.02154,0
0.05357,0.02353,0
0.05357,0.02353,1
0.05357,0.02342,1
0.05357,0.02342,0
0.05034,0.02447,0
0.05034,0.02447,1
0.05044,0.02447,1
0.05044,0.02447,0
0.04846,0.02457,0
0.04846,0.02457,1
0.04857,0.02447,1
0.04857,0.02447,0
0.01508,0.02509,0
0.01508,0.02509,1
0.01508,0.02499,1
0.01508,0.02499,0
0.05295,0.02655,0
0.05295,0.02655,1
0.05295,0.02645,1
0.05295,0.02645,0
0.05316,0.02666,0
0.05316,0.02666,1
0.05316,0.02655,1
0.05316,0.02655,0
0.01320,0.03813,0
0.01320,0.03813,1
0.01309,0.03803,1
0.01309,0.03803,0
0.01862,0.04074,0
0.01862,0.04074,1
0.01873,0.04074,1
0.01873,0.04074,0
0.05023,0.04585,0
0.05023,0.04585,1
0.05013,0.04575,1
0.05013,0.04575,0
